Id,Index,Offset,SortId,WanderingEquipId,VagrantItemLotId,VagrantBonusEneDropItemLotId,VagrantItemEneDropItemLotId,FixPrice,BasicPrice,SellValue,Weight,ResidentSpEffectId1,ResidentSpEffectId2,ResidentSpEffectId3,MaterialSetId,PartsDamageRate,ResistPoison,ResistToxic,ResistBlood,ResistCurse,DefensePhysics,DefenseSlash,DefenseStrike,DefenseThrust,DefenseMagic,DefenseFire,DefenseThunder,EquipModelId,KnockbackBounceRate,Durability,DurabilityMax,SaDurability,Poise,DefenseDark,ResistFrost
0,0,0,950000,950000,-1,-1,-1,0,0,0,0,-1,-1,-1,-1,1,0,0,0,0,1,1,1,1,1,1,1,1,0,0,0,0,1,1,0
0,0,0,800088,101000,-1,-1,-1,0,0,0,0,-1,-1,-1,-1,1.5,0,0,0,0,1,1,1,1,1,1,1,1010,0,10,10,0,1,1,0
0,0,0,800089,102000,-1,-1,-1,0,0,0,0,-1,-1,-1,-1,1,0,0,0,0,1,1,1,1,1,1,1,1010,0,10,10,0,1,1,0
0,0,0,800090,103000,-1,-1,-1,0,0,0,0,-1,-1,-1,-1,1.1,0,0,0,0,1,1,1,1,1,1,1,1010,0,10,10,0,1,1,0
0,0,0,800000,104000,-1,-1,-1,0,0,0,0,-1,-1,-1,-1,1.1,0,0,0,0,1,1,1,1,1,1,1,1010,0,10,10,0,1,1,0
0,0,0,800000,111000,-1,-1,-1,0,0,0,0,-1,-1,-1,-1,1.5,0,0,0,0,1,1,1,1,1,1,1,1020,0,10,10,0,1,1,0
0,0,0,800000,112000,-1,-1,-1,0,0,0,0,-1,-1,-1,-1,1,0,0,0,0,1,1,1,1,1,1,1,1020,0,10,10,0,1,1,0
0,0,0,800000,113000,-1,-1,-1,0,0,0,0,-1,-1,-1,-1,1.1,0,0,0,0,1,1,1,1,1,1,1,1020,0,10,10,0,1,1,0
0,0,0,800000,114000,-1,-1,-1,0,0,0,0,-1,-1,-1,-1,1.1,0,0,0,0,1,1,1,1,1,1,1,1020,0,10,10,0,1,1,0
0,0,0,800000,121000,-1,-1,-1,0,0,0,0,-1,-1,-1,-1,1.5,0,0,0,0,1,1,1,1,1,1,1,1030,0,10,10,0,1,1,0
0,0,0,800000,122000,-1,-1,-1,0,0,0,0,-1,-1,-1,-1,1,0,0,0,0,1,1,1,1,1,1,1,1030,0,10,10,0,1,1,0
0,0,0,800000,123000,-1,-1,-1,0,0,0,0,-1,-1,-1,-1,1.1,0,0,0,0,1,1,1,1,1,1,1,1030,0,10,10,0,1,1,0
0,0,0,800000,124000,-1,-1,-1,0,0,0,0,-1,-1,-1,-1,1.1,0,0,0,0,1,1,1,1,1,1,1,1030,0,10,10,0,1,1,0
0,0,0,800000,131000,-1,-1,-1,0,0,0,0,-1,-1,-1,-1,1.5,0,0,0,0,1,1,1,1,1,1,1,1040,0,10,10,0,1,1,0
0,0,0,800000,132000,-1,-1,-1,0,0,0,0,-1,-1,-1,-1,1,0,0,0,0,1,1,1,1,1,1,1,1040,0,10,10,0,1,1,0
0,0,0,800000,133000,-1,-1,-1,0,0,0,0,-1,-1,-1,-1,1.1,0,0,0,0,1,1,1,1,1,1,1,1040,0,10,10,0,1,1,0
0,0,0,800000,134000,-1,-1,-1,0,0,0,0,-1,-1,-1,-1,1.1,0,0,0,0,1,1,1,1,1,1,1,1040,0,10,10,0,1,1,0
0,0,0,800000,141000,-1,-1,-1,0,0,0,0,-1,-1,-1,-1,1.5,0,0,0,0,1,1,1,1,1,1,1,1050,0,10,10,0,1,1,0
0,0,0,800000,142000,-1,-1,-1,0,0,0,0,-1,-1,-1,-1,1,0,0,0,0,1,1,1,1,1,1,1,1050,0,10,10,0,1,1,0
0,0,0,800000,143000,-1,-1,-1,0,0,0,0,-1,-1,-1,-1,1.1,0,0,0,0,1,1,1,1,1,1,1,1050,0,10,10,0,1,1,0
0,0,0,800000,144000,-1,-1,-1,0,0,0,0,-1,-1,-1,-1,1.1,0,0,0,0,1,1,1,1,1,1,1,1050,0,10,10,0,1,1,0
0,0,0,800000,151000,-1,-1,-1,0,0,0,0,-1,-1,-1,-1,1.5,0,0,0,0,1,1,1,1,1,1,1,1060,0,10,10,0,1,1,0
0,0,0,800000,152000,-1,-1,-1,0,0,0,0,-1,-1,-1,-1,1,0,0,0,0,1,1,1,1,1,1,1,1060,0,10,10,0,1,1,0
0,0,0,800000,153000,-1,-1,-1,0,0,0,0,-1,-1,-1,-1,1.1,0,0,0,0,1,1,1,1,1,1,1,1060,0,10,10,0,1,1,0
0,0,0,800000,154000,-1,-1,-1,0,0,0,0,-1,-1,-1,-1,1.1,0,0,0,0,1,1,1,1,1,1,1,1060,0,10,10,0,1,1,0
0,0,0,800029,161000,-1,-1,-1,0,0,0,0,-1,-1,-1,-1,1.5,0,0,0,0,1,1,1,1,1,1,1,1070,0,10,10,0,1,1,0
0,0,0,800030,162000,-1,-1,-1,0,0,0,0,-1,-1,-1,-1,1,0,0,0,0,1,1,1,1,1,1,1,1070,0,10,10,0,1,1,0
0,0,0,800031,163000,-1,-1,-1,0,0,0,0,-1,-1,-1,-1,1.1,0,0,0,0,1,1,1,1,1,1,1,1070,0,10,10,0,1,1,0
0,0,0,800000,164000,-1,-1,-1,0,0,0,0,-1,-1,-1,-1,1.1,0,0,0,0,1,1,1,1,1,1,1,1070,0,10,10,0,1,1,0
0,0,0,800017,171000,-1,-1,-1,0,0,0,0,-1,-1,-1,-1,1.5,0,0,0,0,1,1,1,1,1,1,1,1080,0,10,10,0,1,1,0
0,0,0,800018,172000,-1,-1,-1,0,0,0,0,-1,-1,-1,-1,1,0,0,0,0,1,1,1,1,1,1,1,1080,0,10,10,0,1,1,0
0,0,0,800019,173000,-1,-1,-1,0,0,0,0,-1,-1,-1,-1,1.1,0,0,0,0,1,1,1,1,1,1,1,1080,0,10,10,0,1,1,0
0,0,0,800000,174000,-1,-1,-1,0,0,0,0,-1,-1,-1,-1,1.1,0,0,0,0,1,1,1,1,1,1,1,1080,0,10,10,0,1,1,0
0,0,0,800000,181000,-1,-1,-1,0,0,0,0,-1,-1,-1,-1,1.5,0,0,0,0,1,1,1,1,1,1,1,1090,0,10,10,0,1,1,0
0,0,0,800000,182000,-1,-1,-1,0,0,0,0,-1,-1,-1,-1,1,0,0,0,0,1,1,1,1,1,1,1,1090,0,10,10,0,1,1,0
0,0,0,800000,183000,-1,-1,-1,0,0,0,0,-1,-1,-1,-1,1.1,0,0,0,0,1,1,1,1,1,1,1,1090,0,10,10,0,1,1,0
0,0,0,800000,184000,-1,-1,-1,0,0,0,0,-1,-1,-1,-1,1.1,0,0,0,0,1,1,1,1,1,1,1,1090,0,10,10,0,1,1,0
0,0,0,800000,191000,-1,-1,-1,0,0,0,0,-1,-1,-1,-1,1.5,0,0,0,0,1,1,1,1,1,1,1,1100,0,10,10,0,1,1,0
0,0,0,800000,192000,-1,-1,-1,0,0,0,0,-1,-1,-1,-1,1,0,0,0,0,1,1,1,1,1,1,1,1100,0,10,10,0,1,1,0
0,0,0,800000,193000,-1,-1,-1,0,0,0,0,-1,-1,-1,-1,1.1,0,0,0,0,1,1,1,1,1,1,1,1100,0,10,10,0,1,1,0
0,0,0,800000,194000,-1,-1,-1,0,0,0,0,-1,-1,-1,-1,1.1,0,0,0,0,1,1,1,1,1,1,1,1100,0,10,10,0,1,1,0
0,0,0,800096,201000,-1,-1,-1,0,0,0,0,-1,-1,-1,-1,1.5,0,0,0,0,1,1,1,1,1,1,1,1110,0,10,10,0,1,1,0
0,0,0,800097,202000,-1,-1,-1,0,0,0,0,-1,-1,-1,-1,1,0,0,0,0,1,1,1,1,1,1,1,1110,0,10,10,0,1,1,0
0,0,0,800098,203000,-1,-1,-1,0,0,0,0,-1,-1,-1,-1,1.1,0,0,0,0,1,1,1,1,1,1,1,1110,0,10,10,0,1,1,0
0,0,0,800000,204000,-1,-1,-1,0,0,0,0,-1,-1,-1,-1,1.1,0,0,0,0,1,1,1,1,1,1,1,1110,0,10,10,0,1,1,0
0,0,0,800005,211000,-1,-1,-1,0,0,0,0,-1,-1,-1,-1,1.5,0,0,0,0,1,1,1,1,1,1,1,1120,0,10,10,0,1,1,0
0,0,0,800006,212000,-1,-1,-1,0,0,0,0,-1,-1,-1,-1,1,0,0,0,0,1,1,1,1,1,1,1,1120,0,10,10,0,1,1,0
0,0,0,800007,213000,-1,-1,-1,0,0,0,0,-1,-1,-1,-1,1.1,0,0,0,0,1,1,1,1,1,1,1,1120,0,10,10,0,1,1,0
0,0,0,800000,214000,-1,-1,-1,0,0,0,0,-1,-1,-1,-1,1.1,0,0,0,0,1,1,1,1,1,1,1,1120,0,10,10,0,1,1,0
0,0,0,800000,221000,-1,-1,-1,0,0,0,0,-1,-1,-1,-1,1.5,0,0,0,0,1,1,1,1,1,1,1,1130,0,10,10,0,1,1,0
0,0,0,800000,222000,-1,-1,-1,0,0,0,0,-1,-1,-1,-1,1,0,0,0,0,1,1,1,1,1,1,1,1130,0,10,10,0,1,1,0
0,0,0,800000,223000,-1,-1,-1,0,0,0,0,-1,-1,-1,-1,1.1,0,0,0,0,1,1,1,1,1,1,1,1130,0,10,10,0,1,1,0
0,0,0,800000,224000,-1,-1,-1,0,0,0,0,-1,-1,-1,-1,1.1,0,0,0,0,1,1,1,1,1,1,1,1130,0,10,10,0,1,1,0
0,0,0,800000,231000,-1,-1,-1,0,0,0,0,-1,-1,-1,-1,1.5,0,0,0,0,1,1,1,1,1,1,1,1140,0,10,10,0,1,1,0
0,0,0,800000,232000,-1,-1,-1,0,0,0,0,-1,-1,-1,-1,1,0,0,0,0,1,1,1,1,1,1,1,1140,0,10,10,0,1,1,0
0,0,0,800000,233000,-1,-1,-1,0,0,0,0,-1,-1,-1,-1,1.1,0,0,0,0,1,1,1,1,1,1,1,1140,0,10,10,0,1,1,0
0,0,0,800000,234000,-1,-1,-1,0,0,0,0,-1,-1,-1,-1,1.1,0,0,0,0,1,1,1,1,1,1,1,1140,0,10,10,0,1,1,0
0,0,0,800001,241000,-1,-1,-1,0,0,0,0,-1,-1,-1,-1,1.5,0,0,0,0,1,1,1,1,1,1,1,1150,0,10,10,0,1,1,0
0,0,0,800002,242000,-1,-1,-1,0,0,0,0,-1,-1,-1,-1,1,0,0,0,0,1,1,1,1,1,1,1,1150,0,10,10,0,1,1,0
0,0,0,800003,243000,-1,-1,-1,0,0,0,0,-1,-1,-1,-1,1.1,0,0,0,0,1,1,1,1,1,1,1,1150,0,10,10,0,1,1,0
0,0,0,800000,244000,-1,-1,-1,0,0,0,0,-1,-1,-1,-1,1.1,0,0,0,0,1,1,1,1,1,1,1,1150,0,10,10,0,1,1,0
0,0,0,800000,251000,-1,-1,-1,0,0,0,0,-1,-1,-1,-1,1.5,0,0,0,0,1,1,1,1,1,1,1,1160,0,10,10,0,1,1,0
0,0,0,800000,252000,-1,-1,-1,0,0,0,0,-1,-1,-1,-1,1,0,0,0,0,1,1,1,1,1,1,1,1160,0,10,10,0,1,1,0
0,0,0,800000,253000,-1,-1,-1,0,0,0,0,-1,-1,-1,-1,1.1,0,0,0,0,1,1,1,1,1,1,1,1160,0,10,10,0,1,1,0
0,0,0,800000,254000,-1,-1,-1,0,0,0,0,-1,-1,-1,-1,1.1,0,0,0,0,1,1,1,1,1,1,1,1160,0,10,10,0,1,1,0
0,0,0,800000,261000,-1,-1,-1,0,0,0,0,-1,-1,-1,-1,1.5,0,0,0,0,1,1,1,1,1,1,1,1170,0,10,10,0,1,1,0
0,0,0,800000,262000,-1,-1,-1,0,0,0,0,-1,-1,-1,-1,1,0,0,0,0,1,1,1,1,1,1,1,1170,0,10,10,0,1,1,0
0,0,0,800000,263000,-1,-1,-1,0,0,0,0,-1,-1,-1,-1,1.1,0,0,0,0,1,1,1,1,1,1,1,1170,0,10,10,0,1,1,0
0,0,0,800000,264000,-1,-1,-1,0,0,0,0,-1,-1,-1,-1,1.1,0,0,0,0,1,1,1,1,1,1,1,1170,0,10,10,0,1,1,0
0,0,0,800000,271000,-1,-1,-1,0,0,0,0,-1,-1,-1,-1,1.5,0,0,0,0,1,1,1,1,1,1,1,1180,0,10,10,0,1,1,0
0,0,0,800000,272000,-1,-1,-1,0,0,0,0,-1,-1,-1,-1,1,0,0,0,0,1,1,1,1,1,1,1,1180,0,10,10,0,1,1,0
0,0,0,800000,273000,-1,-1,-1,0,0,0,0,-1,-1,-1,-1,1.1,0,0,0,0,1,1,1,1,1,1,1,1180,0,10,10,0,1,1,0
0,0,0,800000,274000,-1,-1,-1,0,0,0,0,-1,-1,-1,-1,1.1,0,0,0,0,1,1,1,1,1,1,1,1180,0,10,10,0,1,1,0
0,0,0,800092,281000,-1,-1,-1,0,0,0,0,-1,-1,-1,-1,1.5,0,0,0,0,1,1,1,1,1,1,1,1190,0,10,10,0,1,1,0
0,0,0,800093,282000,-1,-1,-1,0,0,0,0,-1,-1,-1,-1,1,0,0,0,0,1,1,1,1,1,1,1,1190,0,10,10,0,1,1,0
0,0,0,800094,283000,-1,-1,-1,0,0,0,0,-1,-1,-1,-1,1.1,0,0,0,0,1,1,1,1,1,1,1,1190,0,10,10,0,1,1,0
0,0,0,800000,284000,-1,-1,-1,0,0,0,0,-1,-1,-1,-1,1.1,0,0,0,0,1,1,1,1,1,1,1,1190,0,10,10,0,1,1,0
0,0,0,800000,291000,-1,-1,-1,0,0,0,0,-1,-1,-1,-1,1.5,0,0,0,0,1,1,1,1,1,1,1,1200,0,10,10,0,1,1,0
0,0,0,800000,292000,-1,-1,-1,0,0,0,0,-1,-1,-1,-1,1,0,0,0,0,1,1,1,1,1,1,1,1200,0,10,10,0,1,1,0
0,0,0,800000,293000,-1,-1,-1,0,0,0,0,-1,-1,-1,-1,1.1,0,0,0,0,1,1,1,1,1,1,1,1200,0,10,10,0,1,1,0
0,0,0,800000,294000,-1,-1,-1,0,0,0,0,-1,-1,-1,-1,1.1,0,0,0,0,1,1,1,1,1,1,1,1200,0,10,10,0,1,1,0
0,0,0,800198,301000,-1,-1,-1,0,0,0,0,-1,-1,-1,-1,1.5,0,0,0,0,1,1,1,1,1,1,1,1210,0,10,10,0,1,1,0
0,0,0,800199,302000,-1,-1,-1,0,0,0,0,-1,-1,-1,-1,1,0,0,0,0,1,1,1,1,1,1,1,1210,0,10,10,0,1,1,0
0,0,0,800200,303000,-1,-1,-1,0,0,0,0,-1,-1,-1,-1,1.1,0,0,0,0,1,1,1,1,1,1,1,1210,0,10,10,0,1,1,0
0,0,0,800000,304000,-1,-1,-1,0,0,0,0,-1,-1,-1,-1,1.1,0,0,0,0,1,1,1,1,1,1,1,1210,0,10,10,0,1,1,0
0,0,0,950000,971000,-1,-1,-1,750,200,100,0,-1,-1,-1,7000,1.5,6,6,9,20,0.961,0.961,0.961,0.961,0.961,0.961,0.961,9900,0,999,999,0,0.97,0.961,0
0,0,0,950000,972000,-1,-1,-1,750,200,100,0,-1,-1,-1,7000,1,16,16,23,20,0.89,0.89,0.89,0.89,0.89,0.89,0.89,9900,0,999,999,0,0.8,0.89,0
0,0,0,950000,973000,-1,-1,-1,750,200,100,0,-1,-1,-1,7000,1,5,5,8,20,0.95,0.95,0.95,0.95,0.95,0.95,0.95,9900,0,999,999,0,0.95,0.95,0
0,0,0,950000,974000,-1,-1,-1,750,200,100,0,-1,-1,-1,7000,1,9,9,14,20,0.928,0.928,0.928,0.928,0.928,0.928,0.928,9900,0,999,999,0,0.9,0.928,0
0,0,0,950000,971000,-1,-1,-1,750,200,100,0,-1,-1,-1,7000,1.5,6,6,9,20,0.961,0.961,0.961,0.961,0.961,0.961,0.961,9901,0,999,999,0,0.97,0.961,0
0,0,0,950000,972000,-1,-1,-1,750,200,100,0,-1,-1,-1,7000,1,16,16,23,20,0.89,0.89,0.89,0.89,0.89,0.89,0.89,9901,0,999,999,0,0.8,0.89,0
0,0,0,950000,973000,-1,-1,-1,750,200,100,0,-1,-1,-1,7000,1,5,5,8,20,0.95,0.95,0.95,0.95,0.95,0.95,0.95,9901,0,999,999,0,0.95,0.95,0
0,0,0,950000,974000,-1,-1,-1,750,200,100,0,-1,-1,-1,7000,1,9,9,14,20,0.928,0.928,0.928,0.928,0.928,0.928,0.928,9901,0,999,999,0,0.9,0.928,0
0,0,0,950000,971000,-1,-1,-1,750,200,100,0,-1,-1,-1,7000,1.5,6,6,9,20,0.961,0.961,0.961,0.961,0.961,0.961,0.961,9994,0,999,999,0,0.97,0.961,0
0,0,0,950000,972000,-1,-1,-1,750,200,100,0,-1,-1,-1,7000,1,16,16,23,20,0.89,0.89,0.89,0.89,0.89,0.89,0.89,9994,0,999,999,0,0.8,0.89,0
0,0,0,950000,973000,-1,-1,-1,750,200,100,0,-1,-1,-1,7000,1,5,5,8,20,0.95,0.95,0.95,0.95,0.95,0.95,0.95,9994,0,999,999,0,0.95,0.95,0
0,0,0,950000,974000,-1,-1,-1,750,200,100,0,-1,-1,-1,7000,1,9,9,14,20,0.928,0.928,0.928,0.928,0.928,0.928,0.928,9994,0,999,999,0,0.9,0.928,0
0,0,0,950000,971000,-1,-1,-1,750,200,100,0,-1,-1,-1,7000,1.5,6,6,9,20,0.961,0.961,0.961,0.961,0.961,0.961,0.961,9995,0,999,999,0,0.97,0.961,0
0,0,0,950000,972000,-1,-1,-1,750,200,100,0,-1,-1,-1,7000,1,16,16,23,20,0.89,0.89,0.89,0.89,0.89,0.89,0.89,9995,0,999,999,0,0.8,0.89,0
0,0,0,950000,973000,-1,-1,-1,750,200,100,0,-1,-1,-1,7000,1,5,5,8,20,0.95,0.95,0.95,0.95,0.95,0.95,0.95,9995,0,999,999,0,0.95,0.95,0
0,0,0,950000,974000,-1,-1,-1,750,200,100,0,-1,-1,-1,7000,1,9,9,14,20,0.928,0.928,0.928,0.928,0.928,0.928,0.928,9995,0,999,999,0,0.9,0.928,0
0,0,0,950000,971000,-1,-1,-1,750,200,100,0,-1,-1,-1,7000,1.5,6,6,9,20,0.961,0.961,0.961,0.961,0.961,0.961,0.961,9996,0,999,999,0,0.97,0.961,0
0,0,0,950000,972000,-1,-1,-1,750,200,100,0,-1,-1,-1,7000,1,16,16,23,20,0.89,0.89,0.89,0.89,0.89,0.89,0.89,9996,0,999,999,0,0.8,0.89,0
0,0,0,950000,973000,-1,-1,-1,750,200,100,0,-1,-1,-1,7000,1,5,5,8,20,0.95,0.95,0.95,0.95,0.95,0.95,0.95,9996,0,999,999,0,0.95,0.95,0
0,0,0,950000,974000,-1,-1,-1,750,200,100,0,-1,-1,-1,7000,1,9,9,14,20,0.928,0.928,0.928,0.928,0.928,0.928,0.928,9996,0,999,999,0,0.9,0.928,0
0,0,0,950000,971000,-1,-1,-1,750,200,100,0,-1,-1,-1,7000,1.5,6,6,9,20,0.961,0.961,0.961,0.961,0.961,0.961,0.961,9997,0,999,999,0,0.97,0.961,0
0,0,0,950000,972000,-1,-1,-1,750,200,100,0,-1,-1,-1,7000,1,16,16,23,20,0.89,0.89,0.89,0.89,0.89,0.89,0.89,9997,0,999,999,0,0.8,0.89,0
0,0,0,950000,973000,-1,-1,-1,750,200,100,0,-1,-1,-1,7000,1,5,5,8,20,0.95,0.95,0.95,0.95,0.95,0.95,0.95,9997,0,999,999,0,0.95,0.95,0
0,0,0,950000,974000,-1,-1,-1,750,200,100,0,-1,-1,-1,7000,1,9,9,14,20,0.928,0.928,0.928,0.928,0.928,0.928,0.928,9997,0,999,999,0,0.9,0.928,0
0,0,0,950000,971000,-1,-1,-1,750,200,100,0,-1,-1,-1,7000,1.5,6,6,9,20,0.961,0.961,0.961,0.961,0.961,0.961,0.961,9998,0,999,999,0,0.97,0.961,0
0,0,0,950000,972000,-1,-1,-1,750,200,100,0,-1,-1,-1,7000,1,16,16,23,20,0.89,0.89,0.89,0.89,0.89,0.89,0.89,9998,0,999,999,0,0.8,0.89,0
0,0,0,950000,973000,-1,-1,-1,750,200,100,0,-1,-1,-1,7000,1,5,5,8,20,0.95,0.95,0.95,0.95,0.95,0.95,0.95,9998,0,999,999,0,0.95,0.95,0
0,0,0,950000,974000,-1,-1,-1,750,200,100,0,-1,-1,-1,7000,1,9,9,14,20,0.928,0.928,0.928,0.928,0.928,0.928,0.928,9998,0,999,999,0,0.9,0.928,0
0,0,0,950000,971000,-1,-1,-1,750,200,100,0,-1,-1,-1,7000,1.5,6,6,9,20,0.961,0.961,0.961,0.961,0.961,0.961,0.961,9999,0,999,999,0,0.97,0.961,0
0,0,0,950000,972000,-1,-1,-1,750,200,100,0,-1,-1,-1,7000,1,16,16,23,20,0.89,0.89,0.89,0.89,0.89,0.89,0.89,9999,0,999,999,0,0.8,0.89,0
0,0,0,950000,973000,-1,-1,-1,750,200,100,0,-1,-1,-1,7000,1,5,5,8,20,0.95,0.95,0.95,0.95,0.95,0.95,0.95,9999,0,999,999,0,0.95,0.95,0
0,0,0,950000,974000,-1,-1,-1,750,200,100,0,-1,-1,-1,7000,1,9,9,14,20,0.928,0.928,0.928,0.928,0.928,0.928,0.928,9999,0,999,999,0,0.9,0.928,0
0,0,0,950000,950000,-1,-1,-1,2250,200,100,4.5,-1,6300,-1,7200,1.1,6,6,9,0,1,1,1,1,1,1,1,1000,0,450,450,8,1,1,0
0,0,0,950000,951000,-1,-1,-1,2250,200,100,11.7,-1,6300,-1,7200,1,16,16,23,0,1,1,1,1,1,1,1,1000,0,450,450,20,1,1,0
0,0,0,950000,952000,-1,-1,-1,2250,200,100,3.7,-1,6300,-1,7200,1.1,5,5,7,0,1,1,1,1,1,1,1,1000,0,450,450,6,1,1,0
0,0,0,950000,953000,-1,-1,-1,2250,200,100,6.9,-1,6300,-1,7200,1.1,9,9,14,0,1,1,1,1,1,1,1,1000,0,450,450,12,1,1,0
0,0,0,950000,950000,-1,-1,-1,750,200,100,1.2,-1,6300,-1,7000,1.5,5,5,6,0,1,1,1,1,1,1,1,1100,0,250,250,0,1,1,0
0,0,0,950000,951000,-1,-1,-1,750,200,100,4.7,-1,6300,-1,7000,1,12,12,16,0,1,1,1,1,1,1,1,1100,0,250,250,0,1,1,0
0,0,0,950000,952000,-1,-1,-1,750,200,100,2.8,-1,6300,-1,7000,1.1,7,7,9,0,1,1,1,1,1,1,1,1100,0,250,250,0,1,1,0
0,0,0,950000,953000,-1,-1,-1,750,200,100,2.8,-1,6300,-1,7000,1.1,7,7,9,0,1,1,1,1,1,1,1,1100,0,250,250,0,1,1,0
0,0,0,950000,950000,-1,-1,-1,2250,200,100,4.5,-1,6300,-1,7200,1.1,6,6,9,0,1,1,1,1,1,1,1,1200,0,450,450,8,1,1,0
0,0,0,950000,951000,-1,-1,-1,2250,200,100,11.7,-1,6300,-1,7200,1,16,16,23,0,1,1,1,1,1,1,1,1200,0,450,450,20,1,1,0
0,0,0,950000,952000,-1,-1,-1,2250,200,100,3.7,-1,6300,-1,7200,1.1,5,5,7,0,1,1,1,1,1,1,1,1200,0,450,450,6,1,1,0
0,0,0,950000,953000,-1,-1,-1,2250,200,100,6.9,-1,6300,-1,7200,1.1,9,9,14,0,1,1,1,1,1,1,1,1200,0,450,450,12,1,1,0
0,0,0,950000,950000,-1,-1,-1,750,200,100,1.2,-1,6300,-1,7000,1.5,23,23,9,1,1,1,1,1,1,1,1,1300,0,250,250,0,1,1,0
0,0,0,950000,951000,-1,-1,-1,750,200,100,4.7,-1,6300,-1,7000,1,59,59,23,2,1,1,1,1,1,1,1,1300,0,250,250,0,1,1,0
0,0,0,950000,952000,-1,-1,-1,750,200,100,2.8,-1,6300,-1,7000,1.1,35,35,14,1,1,1,1,1,1,1,1,1300,0,250,250,0,1,1,0
0,0,0,950000,953000,-1,-1,-1,750,200,100,2.8,-1,6300,-1,7000,1.1,35,35,14,1,1,1,1,1,1,1,1,1300,0,250,250,0,1,1,0
0,0,0,950000,950000,-1,-1,-1,750,200,100,1.2,-1,6300,-1,7000,1.5,5,5,6,0,1,1,1,1,1,1,1,1400,0,250,250,0,1,1,0
0,0,0,950000,951000,-1,-1,-1,750,200,100,4.7,-1,6300,-1,7000,1,20,20,21,0,1,1,1,1,1,1,1,1400,0,250,250,0,1,1,0
0,0,0,950000,952000,-1,-1,-1,750,200,100,2.8,-1,6300,-1,7000,1.1,12,12,13,0,1,1,1,1,1,1,1,1400,0,250,250,0,1,1,0
0,0,0,950000,953000,-1,-1,-1,750,200,100,2.8,-1,6300,-1,7000,1.1,12,12,13,0,1,1,1,1,1,1,1,1400,0,250,250,0,1,1,0
0,0,0,950000,950000,-1,-1,-1,750,200,100,1.2,-1,6300,-1,7000,1.5,5,5,6,0,1,1,1,1,1,1,1,1500,0,250,250,0,1,1,0
0,0,0,950000,951000,-1,-1,-1,750,200,100,4.7,-1,6300,-1,7000,1,20,20,21,0,1,1,1,1,1,1,1,1500,0,250,250,0,1,1,0
0,0,0,950000,952000,-1,-1,-1,750,200,100,2.8,-1,6300,-1,7000,1.1,12,12,13,0,1,1,1,1,1,1,1,1500,0,250,250,0,1,1,0
0,0,0,950000,953000,-1,-1,-1,750,200,100,2.8,-1,6300,-1,7000,1.1,12,12,13,0,1,1,1,1,1,1,1,1500,0,250,250,0,1,1,0
0,0,0,950000,950000,-1,-1,-1,750,200,100,0,-1,-1,-1,7000,1.5,6,6,9,20,0.96,0.96,0.96,0.96,0.96,0.96,0.96,2000,0,999,999,0,1,1,0
0,0,0,950000,951000,-1,-1,-1,750,200,100,0,-1,-1,-1,7000,1,16,16,23,20,0.89,0.89,0.89,0.89,0.89,0.89,0.89,2000,0,999,999,0,1,1,0
0,0,0,950000,952000,-1,-1,-1,750,200,100,0,-1,-1,-1,7000,1.1,5,5,8,20,0.95,0.95,0.95,0.95,0.95,0.95,0.95,2000,0,999,999,0,1,1,0
0,0,0,950000,953000,-1,-1,-1,750,200,100,0,-1,-1,-1,7000,1.1,9,9,14,20,0.93,0.93,0.93,0.93,0.93,0.93,0.93,2000,0,999,999,0,1,1,0
0,0,0,950000,950000,-1,-1,-1,750,200,100,0,-1,-1,-1,7000,1.5,6,6,9,20,0.96,0.96,0.96,0.96,0.96,0.96,0.96,2100,0,999,999,0,0.97,1,0
0,0,0,950000,951000,-1,-1,-1,750,200,100,0,-1,-1,-1,7000,1,16,16,23,20,0.89,0.89,0.89,0.89,0.89,0.89,0.89,2100,0,999,999,0,0.8,1,0
0,0,0,950000,952000,-1,-1,-1,750,200,100,0,-1,-1,-1,7000,1,5,5,8,20,0.95,0.95,0.95,0.95,0.95,0.95,0.95,2100,0,999,999,0,0.95,1,0
0,0,0,950000,953000,-1,-1,-1,750,200,100,0,-1,-1,-1,7000,1,9,9,14,20,0.93,0.93,0.93,0.93,0.93,0.93,0.93,2100,0,999,999,0,0.9,1,0
0,0,0,950000,971000,-1,-1,-1,750,200,100,3,-1,-1,-1,7000,1.5,35,35,35,35,0.94,0.94,0.94,0.94,0.94,0.94,0.94,1950,0,999,999,0,0.945,0.94,35
0,0,0,950000,972000,-1,-1,-1,750,200,100,4,-1,-1,-1,7000,1,35,35,35,35,0.95,0.95,0.95,0.95,0.95,0.95,0.95,1950,0,999,999,0,0.945,0.95,35
0,0,0,950000,973000,-1,-1,-1,750,200,100,4,-1,-1,-1,7000,1,35,35,35,35,0.95,0.95,0.95,0.95,0.95,0.95,0.95,1950,0,999,999,0,0.945,0.95,35
0,0,0,950000,974000,-1,-1,-1,750,200,100,4,-1,-1,-1,7000,1,35,35,35,35,0.95,0.95,0.95,0.95,0.95,0.95,0.95,1950,0,999,999,0,0.945,0.95,35
0,0,0,950000,991000,-1,-1,-1,750,200,100,0,-1,-1,-1,7000,1.5,6,6,9,20,0.964,0.964,0.964,0.964,0.96,0.96,0.96,2400,0,999,999,0,0.97,0.96,0
0,0,0,950000,992000,-1,-1,-1,750,200,100,0,-1,-1,-1,7000,1,16,16,23,20,0.898,0.898,0.898,0.898,0.89,0.89,0.89,2400,0,999,999,0,0.8,0.89,0
0,0,0,950000,993000,-1,-1,-1,750,200,100,0,-1,-1,-1,7000,1,5,5,8,20,0.954,0.954,0.954,0.954,0.95,0.95,0.95,2400,0,999,999,0,0.95,0.95,0
0,0,0,950000,994000,-1,-1,-1,750,200,100,0,-1,-1,-1,7000,1,9,9,14,20,0.933,0.933,0.933,0.933,0.93,0.93,0.93,2400,0,999,999,0,0.9,0.93,0
0,0,0,950000,981000,-1,-1,-1,750,200,100,0,-1,-1,-1,7000,1.5,6,6,9,20,0.967,0.967,0.967,0.967,0.96,0.96,0.96,2500,0,999,999,0,0.97,0.96,0
0,0,0,950000,982000,-1,-1,-1,750,200,100,0,-1,-1,-1,7000,1,16,16,23,20,0.907,0.907,0.907,0.907,0.89,0.89,0.89,2500,0,999,999,0,0.8,0.89,0
0,0,0,950000,983000,-1,-1,-1,750,200,100,0,-1,-1,-1,7000,1.1,5,5,8,20,0.958,0.958,0.958,0.958,0.95,0.95,0.95,2500,0,999,999,0,0.95,0.95,0
0,0,0,950000,984000,-1,-1,-1,750,200,100,0,-1,-1,-1,7000,1.1,9,9,14,20,0.939,0.939,0.939,0.939,0.93,0.93,0.93,2500,0,999,999,0,0.9,0.93,0
0,0,0,950000,961000,-1,-1,-1,750,200,100,0,-1,-1,-1,7000,1.5,6,6,9,20,0.964,0.964,0.964,0.964,0.96,0.96,0.96,2200,0,999,999,0,0.97,0.96,0
0,0,0,950000,962000,-1,-1,-1,750,200,100,0,-1,-1,-1,7000,1,16,16,23,20,0.898,0.898,0.898,0.898,0.89,0.89,0.89,2200,0,999,999,0,0.8,0.89,0
0,0,0,950000,963000,-1,-1,-1,750,200,100,0,-1,-1,-1,7000,1.1,5,5,8,20,0.954,0.954,0.954,0.954,0.95,0.95,0.95,2200,0,999,999,0,0.95,0.95,0
0,0,0,950000,964000,-1,-1,-1,750,200,100,0,-1,-1,-1,7000,1.1,9,9,14,20,0.933,0.933,0.933,0.933,0.93,0.93,0.93,2200,0,999,999,0,0.9,0.93,0
0,0,0,950000,301000,-1,-1,-1,0,0,0,0,6380,6300,-1,-1,1.5,0,0,0,0,1,1,1,1,1,1,1,0,0,1,1,0,1,1,0
0,0,0,950000,302000,-1,-1,-1,0,0,0,0,6381,6300,-1,-1,1,0,0,0,0,1,1,1,1,1,1,1,0,0,1,1,0,1,1,0
0,0,0,950000,303000,-1,-1,-1,0,0,0,0,6382,6300,-1,-1,1.1,0,0,0,0,1,1,1,1,1,1,1,0,0,1,1,0,1,1,0
0,0,0,950000,304000,-1,-1,-1,0,0,0,0,6383,6300,-1,-1,1.1,0,0,0,0,1,1,1,1,1,1,1,0,0,1,1,0,1,1,0
0,0,0,950000,950000,-1,-1,-1,750,200,100,1.2,-1,6300,-1,7000,1.5,6,6,9,20,1,1,1,1,1,1,1,9100,0,250,250,0,1,1,0
0,0,0,950000,951000,-1,-1,-1,750,200,100,4.7,-1,6300,-1,7000,1,16,16,23,20,1,1,1,1,1,1,1,9100,0,250,250,0,1,1,0
0,0,0,950000,952000,-1,-1,-1,750,200,100,2.8,-1,6300,-1,7000,1.1,5,5,8,20,1,1,1,1,1,1,1,9100,0,250,250,0,1,1,0
0,0,0,950000,953000,-1,-1,-1,750,200,100,2.8,-1,6300,-1,7000,1.1,9,9,14,20,1,1,1,1,1,1,1,9100,0,250,250,0,1,1,0
0,0,0,950000,950000,-1,-1,-1,750,200,100,0,-1,6300,-1,7000,1.5,6,6,9,20,1,1,1,1,1,1,1,9110,0,400,400,0,1,1,0
0,0,0,950000,951000,-1,-1,-1,750,200,100,0,-1,6300,-1,7000,1,16,16,23,20,1,1,1,1,1,1,1,9110,0,400,400,0,1,1,0
0,0,0,950000,952000,-1,-1,-1,750,200,100,0,-1,6300,-1,7000,1.1,5,5,8,20,1,1,1,1,1,1,1,9110,0,400,400,0,1,1,0
0,0,0,950000,953000,-1,-1,-1,750,200,100,0,-1,6300,-1,7000,1.1,9,9,14,20,1,1,1,1,1,1,1,9110,0,400,400,0,1,1,0
0,0,0,950000,950000,-1,-1,-1,750,200,100,12,-1,-1,-1,7000,1.5,6,6,9,20,0.96,0.96,0.96,0.96,0.96,0.96,0.96,7400,0,999,999,0,1,1,0
0,0,0,950000,951000,-1,-1,-1,750,200,100,12,-1,-1,-1,7000,1,16,16,23,20,0.89,0.89,0.89,0.89,0.89,0.89,0.89,7400,0,999,999,0,1,1,0
0,0,0,950000,952000,-1,-1,-1,750,200,100,12,-1,-1,-1,7000,1.1,5,5,8,20,0.95,0.95,0.95,0.95,0.95,0.95,0.95,7400,0,999,999,0,1,1,0
0,0,0,950000,953000,-1,-1,-1,750,200,100,12,-1,-1,-1,7000,1.1,9,9,14,20,0.93,0.93,0.93,0.93,0.93,0.93,0.93,7400,0,999,999,0,1,1,0
0,0,0,800000,950000,-1,-1,-1,0,0,0,0,-1,-1,-1,-1,1.5,0,0,0,0,1,1,1,1,1,1,1,8990,0,10,10,0,1,1,0
0,0,0,800000,951000,-1,-1,-1,0,0,0,0,-1,-1,-1,-1,1,0,0,0,0,1,1,1,1,1,1,1,8990,0,10,10,0,1,1,0
0,0,0,800000,952000,-1,-1,-1,0,0,0,0,-1,-1,-1,-1,1.1,0,0,0,0,1,1,1,1,1,1,1,8990,0,10,10,0,1,1,0
0,0,0,800000,953000,-1,-1,-1,0,0,0,0,-1,-1,-1,-1,1.1,0,0,0,0,1,1,1,1,1,1,1,8990,0,10,10,0,1,1,0
0,0,0,800000,101000,-1,-1,-1,0,0,0,0,-1,-1,-1,-1,1.5,0,0,0,0,1,1,1,1,1,1,1,1010,0,10,10,0,1,1,0
0,0,0,800000,101010,-1,-1,-1,0,0,0,0,-1,-1,-1,-1,1,0,0,0,0,1,1,1,1,1,1,1,1010,0,10,10,0,1,1,0
0,0,0,800000,101020,-1,-1,-1,0,0,0,0,-1,-1,-1,-1,1.1,0,0,0,0,1,1,1,1,1,1,1,1010,0,10,10,0,1,1,0
0,0,0,800000,101030,-1,-1,-1,0,0,0,0,-1,-1,-1,-1,1.1,0,0,0,0,1,1,1,1,1,1,1,1010,0,10,10,0,1,1,0
0,0,0,800000,102000,-1,-1,-1,0,0,0,0,-1,-1,-1,-1,1.5,0,0,0,0,1,1,1,1,1,1,1,1020,0,10,10,0,1,1,0
0,0,0,800000,102010,-1,-1,-1,0,0,0,0,-1,-1,-1,-1,1,0,0,0,0,1,1,1,1,1,1,1,1020,0,10,10,0,1,1,0
0,0,0,800000,102020,-1,-1,-1,0,0,0,0,-1,-1,-1,-1,1.1,0,0,0,0,1,1,1,1,1,1,1,1020,0,10,10,0,1,1,0
0,0,0,800000,102030,-1,-1,-1,0,0,0,0,-1,-1,-1,-1,1.1,0,0,0,0,1,1,1,1,1,1,1,1020,0,10,10,0,1,1,0
0,0,0,800000,103000,-1,-1,-1,0,0,0,0,-1,-1,-1,-1,1.5,0,0,0,0,1,1,1,1,1,1,1,1030,0,10,10,0,1,1,0
0,0,0,800000,103010,-1,-1,-1,0,0,0,0,-1,-1,-1,-1,1,0,0,0,0,1,1,1,1,1,1,1,1030,0,10,10,0,1,1,0
0,0,0,800000,103020,-1,-1,-1,0,0,0,0,-1,-1,-1,-1,1.1,0,0,0,0,1,1,1,1,1,1,1,1030,0,10,10,0,1,1,0
0,0,0,800000,103030,-1,-1,-1,0,0,0,0,-1,-1,-1,-1,1.1,0,0,0,0,1,1,1,1,1,1,1,1030,0,10,10,0,1,1,0
0,0,0,800000,104000,-1,-1,-1,0,0,0,0,-1,-1,-1,-1,1.5,0,0,0,0,1,1,1,1,1,1,1,1040,0,10,10,0,1,1,0
0,0,0,800000,104010,-1,-1,-1,0,0,0,0,-1,-1,-1,-1,1,0,0,0,0,1,1,1,1,1,1,1,1040,0,10,10,0,1,1,0
0,0,0,800000,104020,-1,-1,-1,0,0,0,0,-1,-1,-1,-1,1.1,0,0,0,0,1,1,1,1,1,1,1,1040,0,10,10,0,1,1,0
0,0,0,800000,104030,-1,-1,-1,0,0,0,0,-1,-1,-1,-1,1.1,0,0,0,0,1,1,1,1,1,1,1,1040,0,10,10,0,1,1,0
0,0,0,20000,301000,-1,-1,-1,0,200,-1,0,-1,-1,-1,7000,1.5,6,6,9,20,0.96,0.96,0.96,0.96,0.96,0.96,0.96,100,0,0,0,0,1,0.96,0
0,0,0,20000,302000,-1,-1,-1,0,200,-1,0,-1,-1,-1,7000,1,16,16,23,20,0.89,0.89,0.89,0.89,0.89,0.89,0.89,100,0,0,0,0,1,0.89,0
0,0,0,20000,303000,-1,-1,-1,0,200,-1,0,-1,-1,-1,7000,1.1,5,5,8,20,0.95,0.95,0.95,0.95,0.95,0.95,0.95,100,0,0,0,0,1,0.95,0
0,0,0,20000,304000,-1,-1,-1,0,200,-1,0,-1,-1,-1,7000,1.1,9,9,14,20,0.93,0.93,0.93,0.93,0.93,0.93,0.93,100,0,0,0,0,1,0.93,0
0,0,0,10055,111000,-1,-1,-1,1850,200,100,4.6,0,0,-1,7000,1.5,14,14,21,12,0.956,0.964,0.958,0.96,0.971,0.958,0.965,1900,0,370,370,0,0.979,0.974,19
0,0,0,10056,152000,-1,-1,-1,1800,200,100,9.2,0,0,-1,7000,1,28,28,43,22,0.874,0.9,0.878,0.889,0.917,0.875,0.896,1900,0,360,360,0,0.93,0.91,39
0,0,0,10057,113000,-1,-1,-1,1750,200,100,3.1,0,0,-1,7000,1.1,5,5,11,4,0.967,0.974,0.968,0.971,0.976,0.963,0.97,1900,0,350,350,0,0.98,0.978,10
0,0,0,10058,284000,-1,-1,-1,1750,200,100,5.3,0,0,-1,7000,1.1,10,10,22,9,0.927,0.944,0.93,0.936,0.95,0.922,0.937,1900,0,350,350,0,0.954,0.945,20
0,0,0,10047,111000,-1,-1,-1,1900,200,150,5.2,0,0,-1,7000,1.5,17,17,22,12,0.953,0.955,0.96,0.956,0.973,0.962,0.976,1950,0,380,380,0,0.967,0.97,18
0,0,0,10048,112000,-1,-1,-1,1800,200,150,10.8,0,0,-1,7000,1,36,36,45,24,0.868,0.873,0.889,0.874,0.924,0.89,0.933,1950,0,360,360,0,0.896,0.916,38
0,0,0,10049,113000,-1,-1,-1,1850,200,150,3.6,0,0,-1,7000,1.1,12,12,14,7,0.964,0.965,0.97,0.966,0.977,0.971,0.979,1950,0,370,370,0,0.972,0.975,11
0,0,0,10050,114000,-1,-1,-1,1850,200,150,6.7,0,0,-1,7000,1.1,23,23,26,13,0.921,0.923,0.933,0.924,0.951,0.938,0.956,1950,0,370,370,0,0.93,0.946,22
0,0,0,990000,0,0,0,0,0,0,-1,35.2,0,0,0,0,0,112,112,153,82,0.727,0.731,0.744,0.74,0.776,0.757,0.798,0,0,0,0,0,0.77,0.752,102
0,0,0,10167,111000,-1,-1,-1,1750,200,2000,4.1,0,0,-1,7000,1.5,12,12,20,8,0.953,0.954,0.975,0.956,0.974,0.956,0.982,2100,0,350,350,0,0.968,0.986,16
0,0,0,10168,112000,-1,-1,-1,1750,200,2000,8.6,0,0,-1,7000,1,30,30,47,19,0.881,0.874,0.92,0.898,0.931,0.893,0.945,2100,0,350,350,0,0.911,0.945,43
0,0,0,10169,243000,-1,-1,-1,1400,200,2000,2.7,0,0,-1,7000,1,22,22,16,21,0.977,0.973,0.979,0.981,0.97,0.967,0.969,2100,0,280,280,0,0.983,0.975,24
0,0,0,10170,104000,-1,-1,-1,1400,200,2000,4.8,0,0,-1,7000,1,40,40,28,37,0.946,0.938,0.95,0.955,0.94,0.927,0.93,2100,0,280,280,0,0.957,0.944,44
0,0,0,10032,151000,-1,-1,-1,1750,200,100,3.1,0,0,-1,7000,1.5,17,17,27,12,0.969,0.964,0.967,0.961,0.973,0.973,0.973,2150,0,350,350,0,0.965,0.973,16
0,0,0,10033,102000,-1,-1,-1,1850,200,100,10.8,0,0,-1,7000,1,39,39,59,26,0.878,0.878,0.878,0.878,0.895,0.909,0.927,2150,0,370,370,0,0.895,0.895,35
0,0,0,10034,103000,-1,-1,-1,1150,200,100,1.4,0,0,-1,7000,1.1,10,10,15,8,0.986,0.992,0.986,0.984,0.994,0.992,0.992,2150,0,230,230,0,0.997,0.994,11
0,0,0,10035,294000,-1,-1,-1,1300,200,100,3.6,0,0,-1,7000,1.1,17,17,28,9,0.953,0.958,0.949,0.953,0.977,0.963,0.977,2150,0,260,260,0,0.96,0.977,19
0,0,0,10043,101000,-1,-1,-1,1750,200,100,3.7,0,0,-1,7000,1.5,14,14,24,10,0.958,0.958,0.975,0.96,0.965,0.968,0.984,2200,0,350,350,0,0.966,0.968,17
0,0,0,10044,102000,-1,-1,-1,1750,200,100,8.6,0,0,-1,7000,1,30,30,52,19,0.876,0.874,0.92,0.881,0.908,0.916,0.962,2200,0,350,350,0,0.905,0.916,36
0,0,0,10045,103000,-1,-1,-1,1750,200,100,2.9,0,0,-1,7000,1.1,12,12,16,8,0.969,0.969,0.979,0.971,0.983,0.979,0.993,2200,0,350,350,0,0.984,0.985,12
0,0,0,10046,104000,-1,-1,-1,1750,200,100,5.3,0,0,-1,7000,1.1,20,20,26,11,0.929,0.932,0.935,0.935,0.954,0.954,0.982,2200,0,350,350,0,0.949,0.959,20
0,0,0,10079,171000,-1,-1,-1,1150,200,500,1.8,0,0,-1,7000,1.5,14,14,7,30,0.983,0.988,0.988,0.987,0.948,0.953,0.952,2250,0,230,230,0,0.991,0.947,10
0,0,0,10080,292000,-1,-1,-1,1800,200,500,9.2,0,0,-1,7000,1,25,25,43,37,0.883,0.878,0.909,0.883,0.888,0.902,0.94,2250,0,360,360,0,0.911,0.883,33
0,0,0,10081,123000,-1,-1,-1,1850,200,500,3.6,0,0,-1,7000,1.1,7,7,13,7,0.974,0.972,0.98,0.974,0.975,0.978,0.986,2250,0,370,370,0,0.983,0.974,9
0,0,0,10082,204000,-1,-1,-1,1800,200,500,5.7,0,0,-1,7000,1.1,18,18,27,18,0.938,0.935,0.953,0.938,0.941,0.949,0.971,2250,0,360,360,0,0.951,0.938,21
0,0,0,10195,151000,-1,-1,-1,1300,200,100,2.5,0,0,-1,7000,1.5,30,30,19,25,0.974,0.962,0.979,0.971,0.958,0.956,0.967,2300,0,260,260,0,0.986,0.973,21
0,0,0,10196,152000,-1,-1,-1,1400,200,100,7.8,0,0,-1,7000,1,67,67,46,58,0.91,0.885,0.919,0.903,0.874,0.872,0.896,2300,0,280,280,0,0.937,0.91,51
0,0,0,10193,153000,-1,-1,-1,1300,200,100,2,0,0,-1,7000,1.1,20,20,12,16,0.98,0.977,0.988,0.982,0.974,0.973,0.981,2300,0,260,260,0,0.994,0.985,13
0,0,0,10194,154000,-1,-1,-1,1350,200,100,4.3,0,0,-1,7000,1.1,43,43,29,38,0.948,0.94,0.962,0.952,0.934,0.931,0.948,2300,0,270,270,0,0.97,0.957,32
0,0,0,10191,171000,-1,-1,-1,1100,200,100,1.8,0,0,-1,7000,1.5,27,27,17,20,0.981,0.981,0.973,0.978,0.967,0.957,0.967,2310,0,220,220,0,0.983,0.975,20
0,0,0,10192,152000,-1,-1,-1,1350,200,100,6.9,0,0,-1,7000,1,62,62,40,52,0.914,0.914,0.9,0.907,0.896,0.886,0.896,2310,0,270,270,0,0.944,0.91,47
0,0,0,10242,251000,-1,-1,-1,1350,200,500,3,0,0,-1,7000,1.5,27,27,21,27,0.979,0.974,0.974,0.979,0.954,0.978,0.952,2350,0,270,270,0,0.99,0.954,24
0,0,0,10243,252000,-1,-1,-1,1750,200,500,8.6,0,0,-1,7000,1,46,46,39,22,0.899,0.893,0.931,0.906,0.883,0.945,0.9,2350,0,350,350,0,0.929,0.883,33
0,0,0,10244,253000,-1,-1,-1,1300,200,500,2,0,0,-1,7000,1.1,22,22,15,18,0.982,0.988,0.98,0.982,0.973,0.988,0.971,2350,0,260,260,0,1,0.974,22
0,0,0,10245,254000,-1,-1,-1,1300,200,500,3.9,0,0,-1,7000,1.1,35,35,22,28,0.954,0.966,0.949,0.954,0.93,0.966,0.926,2350,0,260,260,0,0.985,0.933,35
0,0,0,10020,131000,-1,-1,-1,1850,200,100,4.8,0,0,-1,7000,1.5,15,15,24,10,0.953,0.954,0.954,0.956,0.974,0.958,0.982,2400,0,370,370,0,0.964,0.974,26
0,0,0,10021,132000,-1,-1,-1,1850,200,100,10.8,0,0,-1,7000,1,38,38,60,27,0.875,0.879,0.879,0.884,0.932,0.889,0.956,2400,0,370,370,0,0.903,0.932,64
0,0,0,10022,133000,-1,-1,-1,1350,200,100,2.3,0,0,-1,7000,1.1,19,19,15,19,0.978,0.978,0.972,0.978,0.992,0.975,0.98,2400,0,270,270,0,0.99,0.992,24
0,0,0,10023,134000,-1,-1,-1,1350,200,100,4.3,0,0,-1,7000,1.1,32,32,24,32,0.939,0.939,0.925,0.939,0.971,0.932,0.943,2400,0,270,270,0,0.96,0.971,42
0,0,0,10103,281000,-1,-1,-1,2350,200,500,8.1,0,0,-1,7000,1.5,17,17,31,17,0.945,0.945,0.95,0.947,0.946,0.948,0.949,2450,0,470,470,0,0.949,0.962,27
0,0,0,10104,282000,-1,-1,-1,2250,200,500,16.3,0,0,-1,7000,1,39,39,67,37,0.857,0.861,0.872,0.863,0.864,0.867,0.869,2450,0,450,450,0,0.872,0.914,60
0,0,0,10105,213000,-1,-1,-1,2100,200,500,5,0,0,-1,7000,1.1,12,12,21,11,0.967,0.968,0.97,0.969,0.969,0.97,0.97,2450,0,420,420,0,0.976,0.985,18
0,0,0,10106,204000,-1,-1,-1,2150,200,500,9.7,0,0,-1,7000,1.1,23,23,40,22,0.917,0.92,0.925,0.922,0.921,0.922,0.924,2450,0,430,430,0,0.923,0.953,36
0,0,0,10205,121000,-1,-1,-1,1400,200,100,3.3,0,0,-1,7000,1.5,27,27,19,27,0.967,0.967,0.961,0.967,0.965,0.958,0.967,2500,0,280,280,0,0.979,0.972,28
0,0,0,10206,122000,-1,-1,-1,1350,200,100,6.9,0,0,-1,7000,1,55,55,41,55,0.902,0.909,0.902,0.902,0.878,0.873,0.902,2500,0,270,270,0,0.927,0.917,62
0,0,0,10207,123000,-1,-1,-1,1400,200,100,2.8,0,0,-1,7000,1.1,18,18,12,18,0.974,0.972,0.97,0.974,0.966,0.966,0.972,2500,0,280,280,0,0.979,0.976,18
0,0,0,10208,124000,-1,-1,-1,1300,200,100,3.6,0,0,-1,7000,1.1,28,28,21,28,0.958,0.958,0.949,0.953,0.938,0.935,0.953,2500,0,260,260,0,0.968,0.963,34
0,0,0,10209,151000,-1,-1,-1,1250,200,100,2.1,0,0,-1,7000,1.5,28,28,35,20,0.986,0.986,0.983,0.989,0.964,0.959,0.976,2550,0,250,250,0,0.998,0.984,22
0,0,0,10210,162000,-1,-1,-1,1100,200,100,3.6,0,0,-1,7000,1,60,60,35,70,0.958,0.958,0.958,0.968,0.866,0.872,0.882,2550,0,220,220,0,0.97,0.877,32
0,0,0,10211,193000,-1,-1,-1,1050,200,100,1,0,0,-1,7000,1.1,17,17,9,21,0.99,0.99,0.99,0.991,0.964,0.967,0.969,2550,0,210,210,0,0.992,0.968,8
0,0,0,10212,124000,-1,-1,-1,1100,200,100,2.2,0,0,-1,7000,1.1,35,35,20,44,0.981,0.981,0.981,0.986,0.93,0.933,0.939,2550,0,220,220,0,0.989,0.936,18
0,0,0,10075,241000,-1,-1,-1,1900,200,100,5,0,0,-1,7000,1.5,25,25,26,15,0.951,0.953,0.957,0.953,0.971,0.965,0.979,2600,0,380,380,0,0.97,0.965,14
0,0,0,10076,112000,-1,-1,-1,2000,200,100,13.8,0,0,-1,7000,1,58,58,63,42,0.866,0.864,0.888,0.869,0.909,0.888,0.917,2600,0,400,400,0,0.889,0.895,39
0,0,0,10077,103000,-1,-1,-1,2000,200,100,4.5,0,0,-1,7000,1.1,22,22,24,17,0.963,0.964,0.966,0.965,0.976,0.97,0.978,2600,0,400,400,0,0.973,0.972,16
0,0,0,10078,274000,-1,-1,-1,1850,200,100,7.2,0,0,-1,7000,1.1,35,35,40,26,0.928,0.926,0.945,0.928,0.959,0.945,0.967,2600,0,370,370,0,0.945,0.949,26
0,0,0,10253,141000,-1,-1,-1,1000,200,500,1,0,0,-1,7000,1.5,14,14,10,28,0.992,0.992,0.992,0.992,0.96,0.956,0.962,2650,0,200,200,0,1,0.958,11
0,0,0,10254,142000,-1,-1,-1,1150,200,500,4.1,0,0,-1,7000,1,40,40,22,88,0.959,0.952,0.959,0.965,0.87,0.863,0.872,2650,0,230,230,0,0.93,0.868,30
0,0,0,10255,143000,-1,-1,-1,1100,200,500,1.3,0,0,-1,7000,1.1,13,13,7,26,0.991,0.989,0.991,0.992,0.964,0.966,0.967,2650,0,220,220,0,0.99,0.966,11
0,0,0,10256,144000,-1,-1,-1,1050,200,500,2,0,0,-1,7000,1.1,24,24,15,48,0.983,0.983,0.983,0.985,0.931,0.929,0.934,2650,0,210,210,0,0.97,0.93,18
0,0,0,10175,211000,-1,-1,-1,2300,200,200,7.2,0,0,-1,7000,1.5,28,28,31,21,0.947,0.947,0.958,0.951,0.952,0.951,0.962,2700,0,460,460,0,0.954,0.954,29
0,0,0,10176,212000,-1,-1,-1,2300,200,200,16.8,0,0,-1,7000,1,58,58,65,42,0.853,0.859,0.881,0.855,0.867,0.859,0.891,2700,0,460,460,0,0.863,0.87,61
0,0,0,10177,213000,-1,-1,-1,2300,200,200,5.6,0,0,-1,7000,1.1,22,22,24,17,0.963,0.963,0.971,0.966,0.967,0.965,0.973,2700,0,460,460,0,0.969,0.968,23
0,0,0,10178,214000,-1,-1,-1,2300,200,200,10.4,0,0,-1,7000,1.1,35,35,39,25,0.916,0.919,0.932,0.917,0.923,0.921,0.938,2700,0,460,460,0,0.916,0.926,37
0,0,0,10213,291000,-1,-1,-1,1800,200,100,3.7,0,0,-1,7000,1.5,16,16,24,18,0.96,0.957,0.972,0.964,0.974,0.959,0.98,2750,0,360,360,0,0.974,0.963,14
0,0,0,10214,162000,-1,-1,-1,1350,200,100,6.5,0,0,-1,7000,1,60,60,40,71,0.923,0.9,0.923,0.932,0.903,0.875,0.891,2750,0,270,270,0,0.944,0.879,47
0,0,0,10215,203000,-1,-1,-1,1800,200,100,3.5,0,0,-1,7000,1.1,13,13,19,15,0.968,0.966,0.976,0.971,0.979,0.968,0.978,2750,0,360,360,0,0.974,0.966,11
0,0,0,10216,124000,-1,-1,-1,1400,200,100,4.5,0,0,-1,7000,1.1,38,38,26,46,0.948,0.936,0.948,0.953,0.933,0.919,0.927,2750,0,280,280,0,0.954,0.922,32
0,0,0,10249,301000,-1,-1,-1,1000,200,3,1.1,0,0,-1,7000,1.5,14,14,9,21,0.993,0.993,0.993,0.993,0.958,0.952,0.964,2800,0,200,200,0,1,0.96,15
0,0,0,10250,142000,-1,-1,-1,1150,200,100,4.2,0,0,-1,7000,1,50,50,22,74,0.956,0.963,0.963,0.963,0.88,0.869,0.88,2800,0,230,230,0,0.986,0.859,43
0,0,0,10251,293000,-1,-1,-1,1150,200,100,1.5,0,0,-1,7000,1.1,14,14,6,22,0.986,0.988,0.986,0.988,0.965,0.964,0.965,2800,0,230,230,0,0.99,0.964,11
0,0,0,10252,294000,-1,-1,-1,1150,200,100,2.6,0,0,-1,7000,1.1,43,43,14,47,0.973,0.978,0.978,0.978,0.929,0.919,0.925,2800,0,230,230,0,0.985,0.922,26
0,0,0,10230,101000,-1,-1,-1,1100,200,100,1.5,0,0,-1,7000,1.5,21,21,14,33,0.991,0.991,0.989,0.989,0.959,0.963,0.955,2900,0,220,220,0,0.997,0.956,15
0,0,0,10231,182000,-1,-1,-1,1150,200,100,4.2,0,0,-1,7000,1,46,46,29,74,0.964,0.964,0.956,0.956,0.877,0.884,0.865,2900,0,230,230,0,0.977,0.868,32
0,0,0,10232,303000,-1,-1,-1,1050,200,100,1,0,0,-1,7000,1.1,12,12,7,21,0.99,0.99,0.989,0.989,0.968,0.97,0.964,2900,0,210,210,0,0.995,0.965,7
0,0,0,10233,304000,-1,-1,-1,1100,200,100,2.2,0,0,-1,7000,1.1,29,29,19,47,0.978,0.978,0.975,0.975,0.926,0.932,0.92,2900,0,220,220,0,0.986,0.921,21
0,0,0,10221,171000,-1,-1,-1,1050,200,100,1.4,0,0,-1,7000,1.5,18,18,11,30,0.99,0.99,0.99,0.991,0.956,0.96,0.958,3000,0,210,210,0,0.999,0.955,14
0,0,0,10222,182000,-1,-1,-1,1150,200,100,4.1,0,0,-1,7000,1,40,40,25,71,0.955,0.955,0.955,0.962,0.869,0.876,0.874,3000,0,230,230,0,0.976,0.869,33
0,0,0,10223,303000,-1,-1,-1,1150,200,100,1.3,0,0,-1,7000,1.1,13,13,8,23,0.987,0.987,0.987,0.989,0.965,0.967,0.966,3000,0,230,230,0,0.992,0.965,10
0,0,0,10224,254000,-1,-1,-1,1250,200,100,3.2,0,0,-1,7000,1.1,26,26,22,28,0.966,0.966,0.959,0.966,0.94,0.925,0.924,3000,0,250,250,0,0.983,0.933,31
0,0,0,10225,272000,-1,-1,-1,1050,200,100,3,0,0,-1,7000,1,36,36,25,65,0.958,0.958,0.958,0.964,0.865,0.871,0.869,3010,0,210,210,0,0.984,0.865,30
0,0,0,10261,151000,-1,-1,-1,1100,200,100,1.4,0,0,-1,7000,1.5,25,25,18,29,0.981,0.986,0.986,0.984,0.95,0.962,0.951,3100,0,220,220,0,0.99,0.95,12
0,0,0,10262,152000,-1,-1,-1,1300,200,100,6,0,0,-1,7000,1,61,61,45,68,0.951,0.94,0.927,0.958,0.872,0.877,0.868,3100,0,260,260,0,0.978,0.868,49
0,0,0,10263,263000,-1,-1,-1,1150,200,100,1.5,0,0,-1,7000,1.1,21,21,17,25,0.989,0.993,0.993,0.991,0.972,0.979,0.972,3100,0,230,230,0,0.996,0.971,11
0,0,0,10264,164000,-1,-1,-1,1100,200,100,2.1,0,0,-1,7000,1.1,36,36,26,42,0.976,0.984,0.984,0.981,0.931,0.95,0.932,3100,0,220,220,0,0.993,0.93,18
0,0,0,990000,0,0,0,0,0,0,-1,10.9,0,0,0,0,0,121,121,75,176,0.911,0.911,0.918,0.924,0.745,0.752,0.744,0,0,0,0,0,0.954,0.742,94
0,0,0,990000,0,0,0,0,0,0,-1,41.9,0,0,0,0,0,149,149,178,96,0.702,0.703,0.731,0.712,0.767,0.731,0.786,0,0,0,0,0,0.705,0.739,149
0,0,0,990000,0,0,0,0,0,0,-1,8.8,0,0,0,0,0,135,135,64,160,0.913,0.913,0.913,0.927,0.756,0.756,0.762,0,0,0,0,0,0.895,0.752,79
0,0,0,10300,101000,-1,-1,-1,1850,200,30,4.6,0,0,-1,7000,1.5,18,18,27,13,0.957,0.958,0.964,0.958,0.974,0.971,0.98,4000,0,370,370,0,0.972,0.963,18
0,0,0,10301,112000,-1,-1,-1,1750,200,30,8.6,0,0,-1,7000,1,33,33,50,22,0.883,0.883,0.907,0.889,0.934,0.925,0.958,4000,0,350,350,0,0.914,0.896,36
0,0,0,10302,164000,-1,-1,-1,1250,200,30,3.1,0,0,-1,7000,1.1,34,34,21,25,0.958,0.958,0.953,0.958,0.95,0.95,0.941,4000,0,250,250,0,0.973,0.93,28
0,0,0,990000,0,0,0,0,0,0,1,13.8,0,0,0,0,0,133,133,87,135,0.849,0.849,0.838,0.851,0.785,0.783,0.769,0,0,0,0,0,0.905,0.776,121
0,0,0,10197,171000,-1,-1,-1,1250,200,30,2.1,0,0,-1,7000,1.5,26,26,23,17,0.978,0.978,0.975,0.978,0.978,0.975,0.972,4020,0,250,250,0,0.991,0.978,21
0,0,0,10248,161000,-1,-1,-1,1150,200,1000,1.9,0,0,-1,7000,1.5,21,21,15,26,0.975,0.98,0.98,0.984,0.948,0.964,0.954,4300,0,230,230,0,0.994,0.954,13
0,0,0,10278,231000,-1,-1,-1,2000,200,150,5.9,0,0,-1,7000,1.5,17,17,25,28,0.947,0.95,0.978,0.951,0.961,0.959,0.979,4400,0,400,400,0,0.954,0.964,17
0,0,0,10279,162000,-1,-1,-1,1150,200,150,4.8,0,0,-1,7000,1,37,37,24,87,0.918,0.918,0.958,0.94,0.865,0.869,0.886,4400,0,230,230,0,0.969,0.865,32
0,0,0,10280,293000,-1,-1,-1,1150,200,150,1.6,0,0,-1,7000,1.1,15,15,10,32,0.983,0.983,0.993,0.989,0.973,0.974,0.978,4400,0,230,230,0,0.999,0.973,13
0,0,0,10281,104000,-1,-1,-1,1150,200,150,2.8,0,0,-1,7000,1.1,22,22,12,53,0.958,0.958,0.981,0.97,0.931,0.933,0.943,4400,0,230,230,0,0.99,0.931,19
0,0,0,990000,0,0,0,0,0,0,-1,7.8,0,0,0,0,0,99,99,52,175,0.925,0.925,0.925,0.934,0.746,0.756,0.749,0,0,0,0,0,0.971,0.741,72
0,0,0,990000,0,0,0,0,0,0,-1,20.7,0,0,0,0,0,116,116,102,132,0.821,0.825,0.835,0.833,0.75,0.752,0.758,0,0,0,0,0,0.858,0.75,103
0,0,0,10296,101000,-1,-1,-1,1100,200,70,1.5,0,0,-1,7000,1.5,28,28,30,25,0.985,0.971,0.988,0.982,0.967,0.967,0.96,4600,0,220,220,0,0.995,0.986,8
0,0,0,10297,162000,-1,-1,-1,1100,200,70,3.6,0,0,-1,7000,1,59,59,63,51,0.959,0.919,0.969,0.952,0.91,0.91,0.889,4600,0,220,220,0,0.987,0.964,13
0,0,0,10298,253000,-1,-1,-1,1100,200,70,1.2,0,0,-1,7000,1.1,18,18,20,16,0.992,0.982,0.995,0.99,0.981,0.981,0.975,4600,0,220,220,0,1,0.994,3
0,0,0,10299,144000,-1,-1,-1,1100,200,70,2.2,0,0,-1,7000,1.1,40,40,42,35,0.98,0.957,0.985,0.975,0.952,0.952,0.94,4600,0,220,220,0,0.996,0.983,11
0,0,0,10292,161000,-1,-1,-1,1150,200,30,2.3,0,0,6980,7000,1.5,31,31,16,27,0.981,0.978,0.973,0.978,0.97,0.975,0.975,4700,0,230,230,0,0.987,0.955,20
0,0,0,10293,142000,-1,-1,-1,1150,200,30,4.2,0,0,-1,7000,1,68,68,34,60,0.956,0.945,0.932,0.945,0.934,0.948,0.948,4700,0,230,230,0,0.979,0.891,43
0,0,0,10294,303000,-1,-1,-1,1150,200,30,1.4,0,0,-1,7000,1.1,22,22,11,19,0.991,0.989,0.985,0.989,0.988,0.991,0.991,4700,0,230,230,0,0.999,0.977,14
0,0,0,10295,234000,-1,-1,-1,1150,200,30,2.9,0,0,-1,7000,1.1,44,44,23,39,0.971,0.965,0.958,0.965,0.955,0.963,0.963,4700,0,230,230,0,0.98,0.93,28
0,0,0,10303,251000,-1,-1,-1,1100,200,10,1.5,0,0,-1,7000,1.5,28,28,17,38,0.98,0.984,0.986,0.988,0.958,0.962,0.96,4750,0,220,220,0,0.99,0.958,19
0,0,0,10269,151000,-1,-1,-1,1400,200,200,3.5,0,0,6980,7000,1.5,27,27,15,25,0.965,0.968,0.957,0.971,0.959,0.954,0.954,4800,0,280,280,0,0.975,0.971,24
0,0,0,10270,222000,-1,-1,-1,1900,200,200,12.2,0,0,-1,7000,1,42,42,49,35,0.872,0.877,0.877,0.884,0.894,0.877,0.901,4800,0,380,380,0,0.9,0.932,38
0,0,0,10271,133000,-1,-1,-1,1350,200,200,2.4,0,0,-1,7000,1.1,22,22,13,21,0.982,0.984,0.975,0.986,0.976,0.972,0.972,4800,0,270,270,0,0.99,0.986,19
0,0,0,10272,194000,-1,-1,-1,1400,200,200,4.6,0,0,-1,7000,1.1,39,39,22,37,0.945,0.949,0.931,0.954,0.934,0.927,0.927,4800,0,280,280,0,0.956,0.954,35
0,0,0,10246,101000,-1,-1,-1,1150,200,100,1.8,0,0,-1,7000,1.5,17,17,15,32,0.958,0.985,0.989,0.96,0.95,0.984,0.952,4850,0,230,230,0,0.976,0.952,18
0,0,0,10247,182000,-1,-1,-1,1150,200,350,4.2,0,0,-1,7000,1,43,43,36,71,0.931,0.955,0.972,0.944,0.867,0.888,0.872,4850,0,230,230,0,0.949,0.874,39
0,0,0,10115,111000,-1,-1,-1,2350,200,350,7.4,0,0,-1,7000,1.5,29,29,31,18,0.947,0.948,0.953,0.95,0.958,0.952,0.955,4900,0,470,470,0,0.959,0.946,29
0,0,0,10116,222000,-1,-1,-1,2400,200,350,19,0,0,-1,7000,1,60,60,73,45,0.855,0.859,0.87,0.862,0.86,0.862,0.854,4900,0,480,480,0,0.838,0.84,68
0,0,0,10117,223000,-1,-1,-1,2350,200,350,6.3,0,0,-1,7000,1.1,21,21,22,13,0.962,0.963,0.967,0.965,0.965,0.961,0.963,4900,0,470,470,0,0.964,0.957,21
0,0,0,10118,284000,-1,-1,-1,2350,200,350,11,0,0,-1,7000,1.1,32,32,42,24,0.917,0.919,0.926,0.921,0.929,0.931,0.926,4900,0,470,470,0,0.91,0.92,39
0,0,0,990000,0,0,0,0,0,0,-1,27.9,0,0,0,0,0,91,91,142,65,0.743,0.747,0.776,0.752,0.798,0.775,0.826,0,0,0,0,0,0.795,0.798,96
0,0,0,10111,271000,-1,-1,-1,2350,200,200,7.6,0,0,-1,7000,1.5,26,26,28,20,0.951,0.956,0.951,0.948,0.953,0.957,0.954,5050,0,470,470,0,0.951,0.961,26
0,0,0,10112,232000,-1,-1,-1,2350,200,200,17.8,0,0,-1,7000,1,62,62,66,47,0.852,0.864,0.852,0.843,0.856,0.867,0.859,5050,0,470,470,0,0.843,0.878,62
0,0,0,10113,123000,-1,-1,-1,2250,200,200,5.5,0,0,-1,7000,1.1,21,21,22,15,0.962,0.965,0.963,0.961,0.964,0.966,0.964,5050,0,450,450,0,0.966,0.97,21
0,0,0,10114,194000,-1,-1,-1,2250,200,200,10.2,0,0,-1,7000,1.1,38,38,40,26,0.923,0.93,0.924,0.92,0.926,0.931,0.927,5050,0,450,450,0,0.919,0.941,38
0,0,0,990000,0,0,0,0,0,0,-1,27.9,0,0,0,0,0,91,91,142,65,0.743,0.747,0.776,0.752,0.798,0.775,0.826,0,0,0,0,0,0.795,0.798,96
0,0,0,10107,111000,-1,-1,-1,2050,200,300,6,0,0,-1,7000,1.5,18,18,31,14,0.952,0.95,0.962,0.954,0.96,0.954,0.972,5200,0,410,410,0,0.959,0.964,22
0,0,0,10108,102000,-1,-1,-1,2150,200,300,15.7,0,0,-1,7000,1,43,43,75,34,0.86,0.851,0.881,0.867,0.876,0.865,0.905,5200,0,430,430,0,0.863,0.886,58
0,0,0,10109,283000,-1,-1,-1,2100,200,300,5,0,0,-1,7000,1.1,15,15,25,12,0.966,0.964,0.972,0.968,0.971,0.967,0.979,5200,0,420,420,0,0.971,0.973,19
0,0,0,10110,214000,-1,-1,-1,2100,200,300,9.3,0,0,-1,7000,1.1,24,24,44,20,0.921,0.917,0.935,0.926,0.932,0.924,0.95,5200,0,420,420,0,0.921,0.938,32
0,0,0,10119,201000,-1,-1,-1,1800,200,500,3.8,0,0,-1,7000,1.5,12,12,17,5,0.957,0.958,0.972,0.958,0.977,0.969,0.977,5300,0,360,360,0,0.974,0.989,32
0,0,0,10120,202000,-1,-1,-1,1900,200,500,12.3,0,0,-1,7000,1,43,43,50,22,0.868,0.874,0.9,0.873,0.91,0.891,0.91,5300,0,380,380,0,0.902,0.934,91
0,0,0,10121,113000,-1,-1,-1,1800,200,500,2.9,0,0,-1,7000,1.1,10,10,12,4,0.966,0.967,0.976,0.966,0.976,0.97,0.976,5300,0,360,360,0,0.974,0.984,25
0,0,0,10122,204000,-1,-1,-1,1850,200,500,6.9,0,0,-1,7000,1.1,24,24,32,14,0.923,0.926,0.944,0.924,0.945,0.933,0.945,5300,0,370,370,0,0.934,0.963,55
0,0,0,10139,201000,-1,-1,-1,2000,200,500,5.6,0,0,-1,7000,1.5,19,19,27,19,0.953,0.957,0.962,0.958,0.968,0.955,0.97,5400,0,400,400,0,0.97,0.964,19
0,0,0,10140,202000,-1,-1,-1,2050,200,500,13.9,0,0,-1,7000,1,42,42,58,39,0.862,0.873,0.883,0.874,0.895,0.863,0.902,5400,0,410,410,0,0.896,0.885,39
0,0,0,10141,203000,-1,-1,-1,2000,200,500,4,0,0,-1,7000,1.1,12,12,18,11,0.966,0.967,0.971,0.969,0.975,0.966,0.977,5400,0,400,400,0,0.973,0.972,11
0,0,0,10142,204000,-1,-1,-1,2000,200,500,8.5,0,0,-1,7000,1.1,27,27,38,26,0.919,0.924,0.933,0.926,0.938,0.917,0.942,5400,0,400,400,0,0.933,0.931,26
0,0,0,10135,171000,-1,-1,-1,1750,200,500,4,0,0,-1,7000,1.5,14,14,18,7,0.957,0.961,0.969,0.963,0.969,0.975,0.987,5450,0,350,350,0,0.973,0.969,15
0,0,0,10136,202000,-1,-1,-1,1750,200,500,9.1,0,0,-1,7000,1,30,30,38,14,0.875,0.884,0.908,0.889,0.908,0.923,0.956,5450,0,350,350,0,0.912,0.908,33
0,0,0,10137,263000,-1,-1,-1,1750,200,500,3.2,0,0,-1,7000,1.1,9,9,12,4,0.965,0.968,0.974,0.969,0.974,0.978,0.986,5450,0,350,350,0,0.977,0.974,10
0,0,0,10138,204000,-1,-1,-1,1750,200,500,6.1,0,0,-1,7000,1.1,20,20,26,10,0.922,0.929,0.943,0.932,0.939,0.947,0.971,5450,0,350,350,0,0.939,0.939,23
0,0,0,10179,191000,-1,-1,-1,2350,200,100,7.5,0,0,-1,7000,1.5,29,29,39,19,0.949,0.94,0.95,0.952,0.957,0.952,0.966,5500,0,470,470,0,0.949,0.956,24
0,0,0,10180,222000,-1,-1,-1,2350,200,100,18.1,0,0,-1,7000,1,74,74,97,50,0.853,0.863,0.857,0.867,0.878,0.861,0.876,5500,0,470,470,0,0.845,0.872,62
0,0,0,10181,223000,-1,-1,-1,2300,200,100,5.8,0,0,-1,7000,1.1,25,25,33,17,0.962,0.965,0.964,0.966,0.969,0.964,0.967,5500,0,460,460,0,0.963,0.966,22
0,0,0,10182,224000,-1,-1,-1,2350,200,100,10.9,0,0,-1,7000,1.1,43,43,57,28,0.913,0.92,0.916,0.922,0.927,0.917,0.926,5500,0,470,470,0,0.901,0.924,35
0,0,0,10123,181000,-1,-1,-1,1350,200,250,2.7,0,0,-1,7000,1.5,12,12,15,10,0.972,0.972,0.986,0.975,0.953,0.967,0.957,5600,0,270,270,0,0.978,0.95,31
0,0,0,10124,292000,-1,-1,-1,1400,200,250,7.3,0,0,-1,7000,1,36,36,40,29,0.907,0.907,0.945,0.914,0.871,0.907,0.881,5600,0,280,280,0,0.934,0.867,81
0,0,0,10125,113000,-1,-1,-1,1400,200,250,2.2,0,0,-1,7000,1.1,13,13,14,10,0.979,0.979,0.989,0.981,0.964,0.974,0.967,5600,0,280,280,0,0.992,0.963,28
0,0,0,10126,114000,-1,-1,-1,1400,200,250,4.3,0,0,-1,7000,1.1,21,21,23,16,0.949,0.949,0.97,0.953,0.924,0.945,0.93,5600,0,280,280,0,0.968,0.922,48
0,0,0,10163,231000,-1,-1,-1,1400,200,1000,3.5,0,0,-1,7000,1.5,29,29,21,27,0.964,0.97,0.97,0.978,0.958,0.952,0.962,5700,0,280,280,0,0.974,0.958,28
0,0,0,10164,232000,-1,-1,-1,1900,200,1000,12.7,0,0,-1,7000,1,43,43,62,28,0.863,0.869,0.878,0.878,0.901,0.866,0.939,5700,0,380,380,0,0.873,0.901,46
0,0,0,10165,233000,-1,-1,-1,1250,200,1000,1.5,0,0,-1,7000,1.1,18,18,10,13,0.983,0.985,0.981,0.991,0.983,0.977,0.983,5700,0,250,250,0,0.996,0.983,16
0,0,0,10166,234000,-1,-1,-1,1800,200,1000,6.3,0,0,-1,7000,1.1,21,21,31,10,0.929,0.932,0.941,0.941,0.959,0.932,0.982,5700,0,360,360,0,0.935,0.959,22
0,0,0,10305,181000,-1,-1,-1,1350,200,500,3.4,0,0,-1,7000,1.5,29,29,18,37,0.969,0.969,0.969,0.972,0.961,0.957,0.955,5750,0,270,270,0,0.977,0.951,27
0,0,0,10039,241000,-1,-1,-1,1800,200,1000,4,0,0,-1,7000,1.5,24,24,19,21,0.962,0.974,0.96,0.965,0.953,0.952,0.951,5800,0,360,360,0,0.974,0.958,29
0,0,0,10040,242000,-1,-1,-1,1400,200,1000,7.6,0,0,-1,7000,1,51,51,39,42,0.896,0.941,0.896,0.91,0.874,0.87,0.868,5800,0,280,280,0,0.937,0.896,65
0,0,0,10041,243000,-1,-1,-1,1400,200,1000,2.4,0,0,-1,7000,1.1,20,20,16,17,0.977,0.988,0.977,0.98,0.971,0.97,0.97,5800,0,280,280,0,0.989,0.977,24
0,0,0,10042,244000,-1,-1,-1,1400,200,1000,4.6,0,0,-1,7000,1.1,35,35,27,29,0.944,0.969,0.944,0.952,0.931,0.929,0.928,5800,0,280,280,0,0.965,0.944,43
0,0,0,990000,0,0,0,0,0,0,-1,18.6,0,0,0,0,0,150,150,105,140,0.808,0.808,0.795,0.808,0.782,0.773,0.764,0,0,0,0,0,0.861,0.782,145
0,0,0,990000,0,0,0,0,0,0,100,9.4,0,0,0,0,0,109,109,65,155,0.907,0.907,0.904,0.916,0.756,0.763,0.755,0,0,0,0,0,0.955,0.756,89
0,0,0,10127,241000,-1,-1,-1,1750,200,200,3.9,0,0,-1,7000,1.5,13,13,18,11,0.953,0.963,0.977,0.963,0.959,0.955,0.972,6000,0,350,350,0,0.969,0.961,15
0,0,0,10128,202000,-1,-1,-1,1850,200,200,11.1,0,0,-1,7000,1,34,34,47,27,0.872,0.894,0.923,0.894,0.884,0.877,0.915,6000,0,370,370,0,0.908,0.889,36
0,0,0,10129,203000,-1,-1,-1,1750,200,200,2.6,0,0,-1,7000,1.1,10,10,15,9,0.972,0.976,0.986,0.978,0.976,0.974,0.986,6000,0,350,350,0,0.984,0.978,12
0,0,0,10130,184000,-1,-1,-1,1750,200,200,5.5,0,0,-1,7000,1.1,16,16,24,13,0.926,0.943,0.965,0.943,0.935,0.929,0.957,6000,0,350,350,0,0.945,0.939,20
0,0,0,10159,261000,-1,-1,-1,1900,200,1000,5.6,0,0,-1,7000,1.5,12,12,24,15,0.95,0.952,0.968,0.965,0.953,0.967,0.967,6100,0,380,380,0,0.965,0.952,17
0,0,0,10160,202000,-1,-1,-1,2100,200,1000,15.3,0,0,-1,7000,1,41,41,67,50,0.859,0.863,0.906,0.867,0.869,0.893,0.893,6100,0,420,420,0,0.89,0.867,61
0,0,0,10161,103000,-1,-1,-1,1800,200,1000,3,0,0,-1,7000,1.1,7,7,16,10,0.969,0.97,0.978,0.971,0.973,0.985,0.985,6100,0,360,360,0,0.982,0.971,11
0,0,0,10162,234000,-1,-1,-1,1850,200,1000,7,0,0,-1,7000,1.1,21,21,38,25,0.924,0.925,0.945,0.927,0.927,0.953,0.953,6100,0,370,370,0,0.94,0.926,27
0,0,0,10282,171000,-1,-1,-1,1050,200,1000,1.3,0,0,-1,7000,1.5,28,28,8,40,0.992,0.992,0.992,0.992,0.961,0.965,0.963,6150,0,210,210,0,0.998,0.956,13
0,0,0,10283,172000,-1,-1,-1,1100,200,1000,3.4,0,0,-1,7000,1,61,61,13,89,0.964,0.964,0.968,0.968,0.865,0.869,0.869,6150,0,220,220,0,0.984,0.854,24
0,0,0,10284,174000,-1,-1,-1,1100,200,1000,2,0,0,-1,7000,1.1,39,39,14,58,0.984,0.984,0.981,0.986,0.931,0.933,0.933,6150,0,220,220,0,0.999,0.924,18
0,0,0,990000,0,0,0,0,0,0,-1,27.4,0,0,0,0,0,111,111,132,89,0.755,0.761,0.774,0.764,0.785,0.768,0.8,0,0,0,0,0,0.805,0.785,117
0,0,0,10131,201000,-1,-1,-1,1350,200,1000,2.8,0,0,-1,7000,1.5,10,10,14,7,0.967,0.956,0.982,0.96,0.973,0.978,0.975,6300,0,270,270,0,0.979,0.972,23
0,0,0,10132,202000,-1,-1,-1,1400,200,1000,7.3,0,0,-1,7000,1,33,33,41,22,0.895,0.878,0.926,0.883,0.917,0.94,0.909,6300,0,280,280,0,0.917,0.902,55
0,0,0,10133,203000,-1,-1,-1,1400,200,1000,2.4,0,0,-1,7000,1.1,12,12,15,9,0.972,0.968,0.98,0.969,0.978,0.983,0.976,6300,0,280,280,0,0.979,0.974,20
0,0,0,10134,204000,-1,-1,-1,1400,200,1000,4.4,0,0,-1,7000,1.1,17,17,22,10,0.94,0.93,0.958,0.933,0.953,0.966,0.953,6300,0,280,280,0,0.954,0.949,31
0,0,0,10183,191000,-1,-1,-1,2350,200,1000,7.6,0,0,-1,7000,1.5,25,25,35,25,0.951,0.94,0.956,0.953,0.956,0.955,0.957,6400,0,470,470,0,0.948,0.956,25
0,0,0,10184,232000,-1,-1,-1,2350,200,1000,18,0,0,-1,7000,1,62,62,86,62,0.856,0.828,0.87,0.864,0.87,0.865,0.872,6400,0,470,470,0,0.837,0.87,62
0,0,0,10185,203000,-1,-1,-1,2350,200,1000,6.1,0,0,-1,7000,1.1,21,21,29,21,0.963,0.956,0.967,0.965,0.966,0.965,0.967,6400,0,470,470,0,0.961,0.966,21
0,0,0,10186,244000,-1,-1,-1,2300,200,1000,10.3,0,0,-1,7000,1.1,36,36,48,36,0.921,0.909,0.93,0.926,0.93,0.928,0.931,6400,0,460,460,0,0.905,0.93,36
0,0,0,990000,0,0,0,0,0,0,-1,7.2,0,0,0,0,0,97,97,55,159,0.929,0.929,0.929,0.939,0.751,0.764,0.754,0,0,0,0,0,0.978,0.751,73
0,0,0,10275,181000,-1,-1,-1,1150,200,1000,1.8,0,0,-1,7000,1.5,19,19,11,38,0.984,0.981,0.973,0.981,0.95,0.954,0.95,6600,0,230,230,0,0.979,0.946,19
0,0,0,10276,182000,-1,-1,-1,1150,200,1000,4.2,0,0,-1,7000,1,39,39,18,83,0.963,0.956,0.932,0.956,0.876,0.885,0.876,6600,0,230,230,0,0.951,0.863,37
0,0,0,10277,184000,-1,-1,-1,1150,200,1000,2.6,0,0,-1,7000,1.1,27,27,14,55,0.976,0.971,0.958,0.971,0.923,0.928,0.923,6600,0,230,230,0,0.964,0.915,26
0,0,0,10273,182000,-1,-1,-1,1100,200,100,3.5,0,0,-1,7000,1,40,40,19,79,0.964,0.956,0.964,0.964,0.875,0.873,0.884,6650,0,220,220,0,0.985,0.868,33
0,0,0,10274,184000,-1,-1,-1,1100,200,100,2.3,0,0,-1,7000,1.1,26,26,13,50,0.989,0.979,0.983,0.983,0.932,0.931,0.937,6650,0,220,220,0,0.986,0.928,22
0,0,0,990000,0,0,0,0,0,0,-1,38.3,0,0,0,0,0,136,136,163,91,0.718,0.725,0.745,0.731,0.753,0.745,0.767,0,0,0,0,0,0.748,0.753,140
0,0,0,10285,242000,-1,-1,-1,1250,200,500,5.1,0,0,-1,7000,1,54,54,36,42,0.943,0.929,0.929,0.92,0.929,0.881,0.912,6800,0,250,250,0,0.974,0.876,49
0,0,0,10286,163000,-1,-1,-1,1100,200,500,1.3,0,0,-1,7000,1.1,15,15,9,23,0.992,0.989,0.991,0.993,0.969,0.967,0.971,6800,0,220,220,0,0.998,0.964,11
0,0,0,10287,174000,-1,-1,-1,1100,200,500,2.1,0,0,-1,7000,1.1,24,24,13,40,0.981,0.981,0.974,0.981,0.929,0.924,0.932,6800,0,220,220,0,0.994,0.917,18
0,0,0,10016,171000,-1,-1,-1,1750,200,80,3.9,0,0,-1,7000,1.5,15,15,28,11,0.962,0.957,0.978,0.966,0.974,0.98,0.989,7000,0,350,350,0,0.979,0.971,15
0,0,0,10017,272000,-1,-1,-1,1750,200,80,8.8,0,0,-1,7000,1,33,33,63,22,0.889,0.874,0.932,0.9,0.917,0.934,0.958,7000,0,350,350,0,0.925,0.91,33
0,0,0,10018,103000,-1,-1,-1,1350,200,80,2.5,0,0,-1,7000,1.1,18,18,18,16,0.978,0.971,0.98,0.98,0.968,0.974,0.968,7000,0,270,270,0,0.987,0.967,16
0,0,0,10019,274000,-1,-1,-1,1750,200,80,5.1,0,0,-1,7000,1.1,17,17,36,10,0.933,0.924,0.958,0.94,0.945,0.955,0.969,7000,0,350,350,0,0.946,0.941,17
0,0,0,10051,111000,-1,-1,-1,1750,200,100,3.8,0,0,-1,7000,1.5,15,15,26,10,0.962,0.958,0.969,0.964,0.979,0.966,0.976,7100,0,350,350,0,0.978,0.979,14
0,0,0,10052,112000,-1,-1,-1,1800,200,100,9.3,0,0,-1,7000,1,38,38,61,21,0.883,0.877,0.9,0.889,0.924,0.89,0.916,7100,0,360,360,0,0.918,0.924,35
0,0,0,10053,123000,-1,-1,-1,1750,200,100,2.8,0,0,-1,7000,1.1,10,10,19,6,0.97,0.967,0.974,0.971,0.979,0.969,0.977,7100,0,350,350,0,0.978,0.979,9
0,0,0,10054,114000,-1,-1,-1,1800,200,100,5.6,0,0,-1,7000,1.1,22,22,36,11,0.93,0.926,0.94,0.933,0.951,0.931,0.946,7100,0,360,360,0,0.944,0.951,20
0,0,0,10059,111000,-1,-1,-1,1900,200,500,5.3,0,0,-1,7000,1.5,15,15,24,9,0.955,0.957,0.963,0.958,0.963,0.959,0.969,7200,0,380,380,0,0.969,0.965,15
0,0,0,10060,282000,-1,-1,-1,1750,200,500,8.9,0,0,-1,7000,1,32,32,46,18,0.879,0.879,0.908,0.889,0.908,0.894,0.932,7200,0,350,350,0,0.912,0.915,33
0,0,0,10061,123000,-1,-1,-1,1750,200,500,3.4,0,0,-1,7000,1.1,13,13,18,9,0.966,0.966,0.972,0.966,0.974,0.97,0.98,7200,0,350,350,0,0.977,0.976,14
0,0,0,10062,204000,-1,-1,-1,1850,200,500,6.9,0,0,-1,7000,1.1,25,25,38,16,0.922,0.924,0.935,0.926,0.935,0.929,0.947,7200,0,370,370,0,0.936,0.939,26
0,0,0,10071,281000,-1,-1,-1,2150,200,300,6.6,0,0,-1,7000,1.5,22,22,27,14,0.951,0.953,0.953,0.955,0.96,0.956,0.958,7300,0,430,430,0,0.959,0.958,28
0,0,0,10072,282000,-1,-1,-1,2000,200,300,13.1,0,0,-1,7000,1,40,40,59,27,0.87,0.873,0.873,0.877,0.9,0.883,0.893,7300,0,400,400,0,0.89,0.893,60
0,0,0,10073,283000,-1,-1,-1,2050,200,300,4.8,0,0,-1,7000,1.1,16,16,21,11,0.967,0.968,0.966,0.969,0.971,0.967,0.97,7300,0,410,410,0,0.972,0.97,22
0,0,0,10074,284000,-1,-1,-1,1850,200,300,6.8,0,0,-1,7000,1.1,24,24,34,15,0.928,0.928,0.928,0.934,0.948,0.936,0.944,7300,0,370,370,0,0.935,0.944,37
0,0,0,10099,221000,-1,-1,-1,2300,200,500,7.7,0,0,-1,7000,1.5,27,27,34,17,0.946,0.944,0.954,0.95,0.957,0.953,0.945,7400,0,460,460,0,0.943,0.95,27
0,0,0,10100,222000,-1,-1,-1,2300,200,500,17.9,0,0,-1,7000,1,57,57,74,33,0.853,0.846,0.872,0.859,0.886,0.876,0.854,7400,0,460,460,0,0.841,0.869,57
0,0,0,10101,223000,-1,-1,-1,2350,200,500,6,0,0,-1,7000,1.1,22,22,29,14,0.962,0.958,0.966,0.963,0.97,0.967,0.962,7400,0,470,470,0,0.969,0.966,22
0,0,0,10102,224000,-1,-1,-1,2350,200,500,11.1,0,0,-1,7000,1.1,35,35,47,21,0.915,0.907,0.926,0.917,0.94,0.934,0.922,7400,0,470,470,0,0.908,0.932,35
0,0,0,10004,131000,-1,-1,-1,1400,200,100,3.7,0,0,-1,7000,1.5,29,29,22,24,0.963,0.963,0.963,0.963,0.97,0.967,0.976,7450,0,280,280,0,0.972,0.97,27
0,0,0,10005,102000,-1,-1,-1,1400,200,100,8.3,0,0,-1,7000,1,64,64,47,52,0.897,0.897,0.892,0.897,0.913,0.906,0.93,7450,0,280,280,0,0.921,0.913,59
0,0,0,10006,103000,-1,-1,-1,1350,200,100,2,0,0,-1,7000,1.1,22,22,16,17,0.979,0.979,0.978,0.979,0.985,0.983,0.99,7450,0,270,270,0,0.989,0.985,21
0,0,0,10007,114000,-1,-1,-1,1350,200,100,4.7,0,0,-1,7000,1.1,38,38,26,29,0.949,0.949,0.945,0.949,0.959,0.954,0.972,7450,0,270,270,0,0.963,0.959,35
0,0,0,10187,281000,-1,-1,-1,2500,200,500,11.2,0,0,-1,7000,1.5,30,30,31,26,0.942,0.945,0.948,0.948,0.95,0.941,0.954,7500,0,500,500,0,0.942,0.95,30
0,0,0,10188,192000,-1,-1,-1,2500,200,500,22.4,0,0,-1,7000,1,69,69,72,61,0.838,0.846,0.855,0.855,0.859,0.837,0.872,7500,0,500,500,0,0.83,0.859,69
0,0,0,10189,223000,-1,-1,-1,2500,200,500,9.4,0,0,-1,7000,1.1,23,23,24,20,0.96,0.962,0.964,0.964,0.965,0.959,0.968,7500,0,500,500,0,0.961,0.965,23
0,0,0,10190,224000,-1,-1,-1,2500,200,500,15.9,0,0,-1,7000,1.1,43,43,45,38,0.907,0.911,0.917,0.917,0.919,0.906,0.927,7500,0,500,500,0,0.895,0.919,43
0,0,0,10008,171000,-1,-1,-1,1300,200,100,2.7,0,0,-1,7000,1.5,29,29,19,19,0.965,0.965,0.968,0.965,0.973,0.97,0.967,7550,0,260,260,0,0.981,0.973,28
0,0,0,10009,122000,-1,-1,-1,1250,200,100,4.8,0,0,-1,7000,1,59,59,37,37,0.91,0.91,0.919,0.91,0.941,0.927,0.918,7550,0,250,250,0,0.961,0.941,57
0,0,0,10010,153000,-1,-1,-1,1400,200,100,2.4,0,0,-1,7000,1.1,20,20,14,14,0.975,0.975,0.977,0.975,0.981,0.979,0.977,7550,0,280,280,0,0.987,0.981,19
0,0,0,10011,194000,-1,-1,-1,1400,200,100,5,0,0,-1,7000,1.1,43,43,32,32,0.94,0.94,0.944,0.94,0.952,0.948,0.944,7550,0,280,280,0,0.961,0.952,41
0,0,0,10304,291000,-1,-1,-1,1250,200,100,2.3,0,0,-1,7000,1.5,26,26,17,20,0.973,0.973,0.978,0.973,0.964,0.961,0.959,7600,0,250,250,0,0.983,0.964,24
0,0,0,10001,102000,-1,-1,-1,1250,200,100,5.4,0,0,-1,7000,1,58,58,36,43,0.932,0.932,0.932,0.932,0.917,0.91,0.903,7600,0,250,250,0,0.952,0.917,58
0,0,0,10002,153000,-1,-1,-1,1150,200,100,1.5,0,0,-1,7000,1.1,18,18,11,13,0.986,0.986,0.986,0.986,0.981,0.979,0.977,7600,0,230,230,0,0.997,0.981,17
0,0,0,10003,124000,-1,-1,-1,1250,200,100,3.3,0,0,-1,7000,1.1,37,37,24,28,0.958,0.958,0.958,0.958,0.945,0.941,0.937,7600,0,250,250,0,0.963,0.945,37
0,0,0,10288,141000,-1,-1,-1,500,200,10,0.7,0,0,-1,7000,1.5,25,25,13,29,0.989,0.989,0.989,0.989,0.962,0.968,0.965,7650,0,100,100,0,0.996,0.962,7
0,0,0,10289,302000,-1,-1,-1,500,200,10,2,0,0,-1,7000,1,62,62,37,74,0.973,0.973,0.973,0.979,0.909,0.924,0.916,7650,0,100,100,0,1,0.909,22
0,0,0,10290,233000,-1,-1,-1,500,200,10,0.3,0,0,-1,7000,1.1,22,22,14,26,0.996,0.996,0.996,0.997,0.981,0.985,0.983,7650,0,100,100,0,1,0.981,9
0,0,0,10291,304000,-1,-1,-1,500,200,5,1.1,0,0,-1,7000,1.1,35,35,20,43,0.981,0.981,0.981,0.984,0.942,0.951,0.946,7650,0,100,100,0,0.996,0.942,10
0,0,0,10226,121000,-1,-1,-1,1050,200,100,1.2,0,0,-1,7000,1.5,15,15,11,28,0.985,0.987,0.987,0.985,0.951,0.957,0.955,7700,0,210,210,0,0.994,0.951,12
0,0,0,10227,122000,-1,-1,-1,1100,200,100,3.7,0,0,-1,7000,1,40,40,32,70,0.964,0.969,0.969,0.964,0.873,0.884,0.879,7700,0,220,220,0,0.985,0.873,35
0,0,0,10228,293000,-1,-1,-1,1100,200,100,1.3,0,0,-1,7000,1.1,14,14,11,24,0.991,0.992,0.992,0.991,0.968,0.971,0.969,7700,0,220,220,0,0.999,0.968,12
0,0,0,10229,164000,-1,-1,-1,1100,200,100,2.3,0,0,-1,7000,1.1,23,23,18,42,0.979,0.982,0.982,0.979,0.927,0.933,0.93,7700,0,220,220,0,0.986,0.927,20
0,0,0,10257,171000,-1,-1,-1,1150,200,100,1.8,0,0,-1,7000,1.5,27,27,13,26,0.985,0.985,0.985,0.987,0.956,0.949,0.95,7750,0,230,230,0,0.992,0.954,19
0,0,0,10258,252000,-1,-1,-1,1150,200,100,4.2,0,0,-1,7000,1,63,63,31,61,0.962,0.962,0.962,0.968,0.883,0.864,0.867,7750,0,230,230,0,0.984,0.878,44
0,0,0,10259,133000,-1,-1,-1,1150,200,100,1.4,0,0,-1,7000,1.1,21,21,10,20,0.992,0.992,0.992,0.994,0.973,0.968,0.969,7750,0,230,230,0,0.998,0.971,15
0,0,0,10260,134000,-1,-1,-1,1150,200,100,2.6,0,0,-1,7000,1.1,39,39,19,38,0.977,0.977,0.977,0.98,0.93,0.919,0.921,7750,0,230,230,0,0.987,0.927,27
0,0,0,10198,132000,-1,-1,-1,1300,200,100,5.9,0,0,-1,7000,1,65,65,46,46,0.913,0.906,0.922,0.931,0.914,0.922,0.896,7800,0,260,260,0,0.934,0.918,55
0,0,0,10199,123000,-1,-1,-1,1350,200,100,2.3,0,0,-1,7000,1.1,20,20,14,14,0.978,0.977,0.98,0.982,0.979,0.981,0.971,7800,0,270,270,0,0.98,0.977,18
0,0,0,10200,154000,-1,-1,-1,1300,200,100,3.6,0,0,-1,7000,1.1,37,37,25,25,0.952,0.948,0.957,0.962,0.952,0.957,0.944,7800,0,260,260,0,0.968,0.957,31
0,0,0,10306,251000,-1,-1,-1,2500,200,500,11,0,6320,6321,7000,1.5,27,27,27,22,0.951,0.955,0.952,0.958,0.959,0.966,0.952,7850,0,500,500,0,0.95,0.962,27
0,0,0,10024,121000,-1,-1,-1,2050,200,500,5.9,0,0,-1,7000,1.5,19,19,26,12,0.957,0.953,0.963,0.961,0.963,0.959,0.978,7900,0,410,410,0,0.96,0.961,19
0,0,0,10025,152000,-1,-1,-1,1850,200,500,10.6,0,0,-1,7000,1,33,33,51,26,0.873,0.864,0.902,0.895,0.888,0.888,0.926,7900,0,370,370,0,0.897,0.909,37
0,0,0,10026,163000,-1,-1,-1,1800,200,500,3.3,0,0,-1,7000,1.1,13,13,18,11,0.968,0.965,0.976,0.974,0.972,0.972,0.983,7900,0,360,360,0,0.976,0.978,14
0,0,0,10027,274000,-1,-1,-1,1800,200,500,5.9,0,0,-1,7000,1.1,23,23,32,18,0.935,0.929,0.953,0.949,0.945,0.945,0.971,7900,0,360,360,0,0.945,0.958,25
0,0,0,10265,171000,-1,-1,-1,1100,200,500,1.4,0,0,-1,7000,1.5,16,16,8,31,0.99,0.99,0.988,0.991,0.954,0.957,0.956,7950,0,220,220,0,1,0.954,12
0,0,0,10266,172000,-1,-1,-1,1100,200,500,3.5,0,0,-1,7000,1,38,38,19,75,0.965,0.965,0.959,0.969,0.863,0.872,0.87,7950,0,220,220,0,0.992,0.863,30
0,0,0,10267,103000,-1,-1,-1,1100,200,500,1.3,0,0,-1,7000,1.1,14,14,8,26,0.991,0.991,0.989,0.992,0.965,0.967,0.966,7950,0,220,220,0,0.997,0.965,11
0,0,0,10268,144000,-1,-1,-1,1100,200,500,2.3,0,0,-1,7000,1.1,25,25,13,48,0.983,0.983,0.98,0.985,0.925,0.93,0.929,7950,0,220,220,0,0.998,0.925,20
0,0,0,10063,111000,-1,-1,-1,1800,200,500,4.2,0,0,-1,7000,1.5,18,18,28,12,0.958,0.958,0.966,0.96,0.969,0.962,0.969,8000,0,360,360,0,0.961,0.964,19
0,0,0,10064,112000,-1,-1,-1,1800,200,500,9,0,0,-1,7000,1,35,35,59,21,0.881,0.881,0.905,0.886,0.912,0.891,0.912,8000,0,360,360,0,0.883,0.898,37
0,0,0,10065,283000,-1,-1,-1,1800,200,500,3.3,0,0,-1,7000,1.1,14,14,22,10,0.971,0.971,0.977,0.972,0.979,0.973,0.979,8000,0,360,360,0,0.974,0.975,15
0,0,0,10066,134000,-1,-1,-1,1800,200,500,5.5,0,0,-1,7000,1.1,21,21,36,12,0.932,0.932,0.946,0.935,0.95,0.938,0.95,8000,0,360,360,0,0.928,0.942,22
0,0,0,10201,141000,-1,-1,-1,1050,200,300,1.5,0,0,-1,7000,1.5,18,18,15,18,0.975,0.983,0.978,0.975,0.98,0.985,0.98,8100,0,210,210,0,0.994,0.989,20
0,0,0,10202,262000,-1,-1,-1,1100,200,300,3.7,0,0,-1,7000,1,40,40,27,34,0.932,0.956,0.945,0.932,0.958,0.948,0.934,8100,0,220,220,0,0.965,0.958,38
0,0,0,10203,153000,-1,-1,-1,1100,200,300,1.3,0,0,-1,7000,1.1,15,15,10,13,0.984,0.984,0.986,0.984,0.984,0.981,0.978,8100,0,220,220,0,0.988,0.984,14
0,0,0,10204,244000,-1,-1,-1,1150,200,300,2.3,0,0,-1,7000,1.1,24,24,16,21,0.958,0.971,0.965,0.958,0.969,0.963,0.955,8100,0,230,230,0,0.973,0.969,23
0,0,0,10091,191000,-1,-1,-1,1800,200,500,3.9,0,0,-1,7000,1.5,12,12,32,9,0.959,0.952,0.975,0.963,0.984,0.966,0.988,8200,0,360,360,0,0.971,0.984,15
0,0,0,10092,192000,-1,-1,-1,1850,200,500,11,0,0,-1,7000,1,37,37,87,25,0.874,0.858,0.914,0.885,0.933,0.885,0.947,8200,0,370,370,0,0.901,0.933,43
0,0,0,10093,193000,-1,-1,-1,1800,200,500,2.9,0,0,-1,7000,1.1,9,9,25,7,0.972,0.967,0.978,0.975,0.982,0.969,0.985,8200,0,360,360,0,0.975,0.982,11
0,0,0,10094,194000,-1,-1,-1,1400,200,500,5,0,0,-1,7000,1.1,40,40,47,39,0.949,0.927,0.953,0.954,0.946,0.928,0.934,8200,0,280,280,0,0.951,0.946,41
0,0,0,10087,261000,-1,-1,-1,2000,200,500,5.9,0,0,-1,7000,1.5,23,23,30,18,0.957,0.958,0.961,0.957,0.965,0.963,0.975,8300,0,400,400,0,0.964,0.963,25
0,0,0,10088,262000,-1,-1,-1,2000,200,500,13.2,0,0,-1,7000,1,46,46,63,35,0.875,0.877,0.884,0.875,0.894,0.889,0.923,8300,0,400,400,0,0.886,0.889,51
0,0,0,10089,263000,-1,-1,-1,1900,200,500,4.1,0,0,-1,7000,1.1,13,13,19,10,0.966,0.966,0.969,0.966,0.972,0.97,0.98,8300,0,380,380,0,0.972,0.97,14
0,0,0,10090,264000,-1,-1,-1,1900,200,500,7.7,0,0,-1,7000,1.1,29,29,41,24,0.926,0.926,0.932,0.925,0.939,0.935,0.957,8300,0,380,380,0,0.928,0.935,32
0,0,0,10083,281000,-1,-1,-1,1850,200,500,4.7,0,0,-1,7000,1.5,15,15,27,13,0.955,0.956,0.965,0.959,0.954,0.966,0.977,8400,0,370,370,0,0.971,0.966,17
0,0,0,10084,282000,-1,-1,-1,1850,200,500,10.7,0,0,-1,7000,1,33,33,60,27,0.87,0.873,0.899,0.882,0.867,0.9,0.931,8400,0,370,370,0,0.907,0.9,36
0,0,0,10085,113000,-1,-1,-1,1850,200,500,3.5,0,0,-1,7000,1.1,10,10,19,8,0.966,0.967,0.974,0.969,0.965,0.973,0.981,8400,0,370,370,0,0.977,0.973,11
0,0,0,10086,204000,-1,-1,-1,1850,200,500,6.8,0,0,-1,7000,1.1,22,22,39,18,0.924,0.925,0.941,0.931,0.921,0.94,0.958,8400,0,370,370,0,0.94,0.94,24
0,0,0,10143,201000,-1,-1,-1,2050,200,500,6.1,0,0,-1,7000,1.5,19,19,24,13,0.952,0.949,0.955,0.95,0.953,0.955,0.959,8500,0,410,410,0,0.956,0.959,17
0,0,0,10144,202000,-1,-1,-1,2100,200,500,15,0,0,-1,7000,1,55,55,65,39,0.866,0.859,0.873,0.863,0.871,0.876,0.886,8500,0,420,420,0,0.872,0.886,50
0,0,0,10145,113000,-1,-1,-1,2000,200,500,4.7,0,0,-1,7000,1.1,18,18,22,14,0.965,0.964,0.971,0.964,0.971,0.972,0.975,8500,0,400,400,0,0.98,0.975,17
0,0,0,10146,244000,-1,-1,-1,2000,200,500,9.1,0,0,-1,7000,1.1,28,28,36,20,0.924,0.921,0.93,0.922,0.927,0.93,0.937,8500,0,400,400,0,0.936,0.937,25
0,0,0,10012,291000,-1,-1,-1,1350,200,100,3.3,0,0,-1,7000,1.5,26,26,22,24,0.961,0.97,0.964,0.972,0.96,0.962,0.952,8600,0,270,270,0,0.979,0.962,22
0,0,0,10013,292000,-1,-1,-1,1350,200,100,7,0,0,-1,7000,1,64,64,54,60,0.895,0.918,0.895,0.918,0.894,0.901,0.872,8600,0,270,270,0,0.943,0.901,54
0,0,0,10014,293000,-1,-1,-1,1300,200,100,2.1,0,0,-1,7000,1.1,21,21,17,19,0.979,0.985,0.979,0.985,0.981,0.983,0.975,8600,0,260,260,0,0.996,0.983,17
0,0,0,10015,294000,-1,-1,-1,1300,200,100,3.5,0,0,-1,7000,1.1,37,37,29,32,0.949,0.963,0.949,0.963,0.95,0.954,0.936,8600,0,260,260,0,0.982,0.954,29
0,0,0,10028,271000,-1,-1,-1,1900,200,500,6,0,0,-1,7000,1.5,17,17,17,15,0.953,0.955,0.951,0.955,0.953,0.953,0.955,8700,0,380,380,0,0.96,0.953,17
0,0,0,10029,272000,-1,-1,-1,1750,200,500,8.6,0,0,-1,7000,1,28,28,34,26,0.888,0.888,0.917,0.888,0.895,0.895,0.902,8700,0,350,350,0,0.897,0.895,31
0,0,0,10030,273000,-1,-1,-1,1750,200,500,2.9,0,0,-1,7000,1.1,9,9,11,9,0.976,0.976,0.984,0.976,0.978,0.978,0.98,8700,0,350,350,0,0.981,0.978,10
0,0,0,10031,274000,-1,-1,-1,1750,200,500,5,0,0,-1,7000,1.1,17,17,21,16,0.941,0.941,0.958,0.941,0.945,0.945,0.949,8700,0,350,350,0,0.942,0.945,19
0,0,0,10067,111000,-1,-1,-1,2050,200,100,6.3,0,0,-1,7000,1.5,19,19,34,15,0.952,0.949,0.953,0.954,0.952,0.956,0.96,8800,0,410,410,0,0.962,0.96,21
0,0,0,10068,102000,-1,-1,-1,2050,200,100,14.4,0,0,-1,7000,1,43,43,78,33,0.867,0.86,0.87,0.873,0.87,0.879,0.889,8800,0,410,410,0,0.89,0.889,46
0,0,0,10069,153000,-1,-1,-1,2100,200,100,4.8,0,0,-1,7000,1.1,13,13,25,9,0.968,0.967,0.969,0.97,0.97,0.971,0.974,8800,0,420,420,0,0.977,0.974,14
0,0,0,10070,124000,-1,-1,-1,2050,200,100,8.6,0,0,-1,7000,1.1,23,23,45,17,0.927,0.923,0.928,0.93,0.929,0.934,0.94,8800,0,410,410,0,0.936,0.94,25
0,0,0,10036,282000,-1,-1,-1,1250,200,100,5.1,0,0,-1,7000,1,62,62,42,45,0.907,0.923,0.914,0.945,0.903,0.925,0.891,8900,0,250,250,0,0.987,0.903,66
0,0,0,10037,293000,-1,-1,-1,1250,200,100,1.7,0,0,-1,7000,1.1,19,19,13,14,0.979,0.983,0.981,0.989,0.98,0.986,0.977,8900,0,250,250,0,0.996,0.98,21
0,0,0,10038,284000,-1,-1,-1,1250,200,100,4.2,0,0,-1,7000,1.1,37,37,24,26,0.953,0.948,0.948,0.948,0.937,0.95,0.93,8900,0,250,250,0,0.984,0.937,39
0,0,0,10171,271000,-1,-1,-1,2250,200,100,6.8,0,0,-1,7000,1.5,19,19,26,13,0.949,0.946,0.957,0.947,0.954,0.943,0.958,9000,0,450,450,0,0.95,0.954,21
0,0,0,10172,192000,-1,-1,-1,2300,200,100,16.6,0,0,-1,7000,1,51,51,65,35,0.854,0.854,0.883,0.858,0.88,0.849,0.89,9000,0,460,460,0,0.859,0.88,57
0,0,0,10173,153000,-1,-1,-1,2250,200,100,5.3,0,0,-1,7000,1.1,16,16,24,14,0.963,0.963,0.972,0.965,0.973,0.963,0.973,9000,0,450,450,0,0.973,0.971,20
0,0,0,10174,114000,-1,-1,-1,2250,200,100,9.9,0,0,-1,7000,1.1,32,32,42,24,0.913,0.915,0.933,0.917,0.928,0.911,0.934,9000,0,450,450,0,0.912,0.928,35
0,0,0,10217,271000,-1,-1,-1,1100,200,250,1.4,0,0,-1,7000,1.5,30,30,25,25,0.981,0.981,0.985,0.981,0.957,0.981,0.977,9100,0,220,220,0,0.994,0.981,15
0,0,0,10218,202000,-1,-1,-1,1100,200,250,3.5,0,0,-1,7000,1,71,71,59,60,0.956,0.956,0.969,0.956,0.889,0.956,0.946,9100,0,220,220,0,0.992,0.956,36
0,0,0,10219,143000,-1,-1,-1,1100,200,250,1.3,0,0,-1,7000,1.1,25,25,21,21,0.992,0.992,0.995,0.992,0.975,0.992,0.989,9100,0,220,220,0,0.998,0.992,13
0,0,0,10220,174000,-1,-1,-1,1350,200,250,4.4,0,0,-1,7000,1.1,31,31,42,22,0.965,0.965,0.971,0.952,0.935,0.947,0.971,9100,0,270,270,0,0.952,0.971,17
0,0,0,10151,241000,-1,-1,-1,1800,200,1000,4.2,0,0,-1,7000,1.5,16,16,23,17,0.956,0.956,0.962,0.956,0.97,0.958,0.978,9200,0,360,360,0,0.97,0.962,17
0,0,0,10152,252000,-1,-1,-1,1800,200,1000,9,0,0,-1,7000,1,32,32,46,33,0.882,0.882,0.899,0.882,0.922,0.888,0.945,9200,0,360,360,0,0.916,0.9,33
0,0,0,10153,203000,-1,-1,-1,1800,200,1000,3.1,0,0,-1,7000,1.1,13,13,18,14,0.968,0.968,0.972,0.968,0.98,0.969,0.986,9200,0,360,360,0,0.983,0.973,14
0,0,0,10154,204000,-1,-1,-1,1750,200,1000,5.1,0,0,-1,7000,1.1,15,15,25,19,0.934,0.934,0.945,0.934,0.958,0.936,0.972,9200,0,350,350,0,0.949,0.944,19
0,0,0,10147,241000,-1,-1,-1,2050,200,500,5.8,0,0,-1,7000,1.5,18,18,28,16,0.954,0.954,0.962,0.954,0.965,0.959,0.959,9300,0,410,410,0,0.968,0.974,18
0,0,0,10148,202000,-1,-1,-1,2100,200,500,14.4,0,0,-1,7000,1,40,40,64,36,0.86,0.859,0.878,0.859,0.876,0.865,0.865,9300,0,420,420,0,0.878,0.9,43
0,0,0,10149,113000,-1,-1,-1,2000,200,500,4.2,0,0,-1,7000,1.1,13,13,21,12,0.965,0.965,0.971,0.965,0.968,0.964,0.964,9300,0,400,400,0,0.971,0.976,14
0,0,0,10150,204000,-1,-1,-1,2050,200,500,8.4,0,0,-1,7000,1.1,23,23,38,21,0.926,0.926,0.938,0.926,0.94,0.932,0.932,9300,0,410,410,0,0.936,0.955,24
0,0,0,10155,221000,-1,-1,-1,2500,200,500,12.2,0,0,-1,7000,1.5,27,27,27,24,0.938,0.947,0.933,0.951,0.953,0.954,0.951,9400,0,500,500,0,0.95,0.951,27
0,0,0,10156,222000,-1,-1,-1,2500,200,500,23.8,0,0,-1,7000,1,69,69,69,62,0.829,0.851,0.815,0.862,0.867,0.87,0.862,9400,0,500,500,0,0.835,0.869,69
0,0,0,10157,223000,-1,-1,-1,2500,200,500,9.7,0,0,-1,7000,1.1,20,20,20,18,0.957,0.963,0.953,0.966,0.967,0.968,0.966,9400,0,500,500,0,0.959,0.965,20
0,0,0,10158,224000,-1,-1,-1,2500,200,500,16.3,0,0,-1,7000,1.1,43,43,43,39,0.901,0.915,0.893,0.921,0.924,0.926,0.921,9400,0,500,500,0,0.905,0.924,43
0,0,0,990000,0,0,0,0,0,0,-1,10.4,0,0,0,0,0,117,117,71,154,0.891,0.891,0.886,0.901,0.761,0.764,0.758,0,0,0,0,0,0.936,0.761,95
0,0,0,10095,191000,-1,-1,-1,1750,200,500,3.8,6310,0,-1,7000,1.5,13,13,30,11,0.963,0.955,0.974,0.961,0.977,0.977,0.977,9600,0,350,350,0,0.978,0.982,15
0,0,0,10096,262000,-1,-1,-1,1750,200,500,8.5,6311,0,-1,7000,1,27,27,66,22,0.89,0.869,0.919,0.885,0.927,0.927,0.927,9600,0,350,350,0,0.923,0.941,33
0,0,0,10097,133000,-1,-1,-1,1750,200,500,2.8,6312,0,-1,7000,1.1,8,8,21,7,0.972,0.966,0.979,0.971,0.981,0.981,0.981,9600,0,350,350,0,0.982,0.984,10
0,0,0,10098,254000,-1,-1,-1,1750,200,500,5.4,6313,0,-1,7000,1.1,18,18,42,15,0.94,0.927,0.957,0.937,0.962,0.962,0.962,9600,0,350,350,0,0.957,0.97,22
0,0,0,990000,0,0,0,0,0,0,-1,18,0,0,0,0,0,135,135,105,117,0.807,0.807,0.803,0.809,0.796,0.781,0.783,0,0,0,0,0,0.861,0.796,134
0,0,0,10238,301000,-1,-1,-1,1000,200,500,1,6330,6331,-1,7000,1.5,12,12,5,33,0.992,0.998,1,1,1,0.96,0.97,9800,0,200,200,0,1,0.968,8
0,0,0,10239,162000,-1,-1,-1,1050,200,500,3.1,0,0,-1,7000,1,38,38,21,86,0.968,0.968,0.964,0.968,0.877,0.861,0.882,9800,0,210,210,0,0.985,0.868,27
0,0,0,10240,163000,-1,-1,-1,1050,200,500,1.1,0,0,-1,7000,1.1,13,13,8,29,0.991,0.991,0.99,0.991,0.967,0.963,0.968,9800,0,210,210,0,0.994,0.964,10
0,0,0,10241,144000,-1,-1,-1,1100,200,500,2.1,0,0,-1,7000,1.1,23,23,13,54,0.984,0.984,0.981,0.986,0.933,0.925,0.936,9800,0,220,220,0,0.993,0.93,16
0,0,0,10234,161000,-1,-1,-1,1100,200,500,1.7,0,0,-1,7000,1.5,15,15,9,23,0.984,0.986,0.986,0.988,0.95,0.953,0.951,9900,0,220,220,0,0.994,0.951,13
0,0,0,10235,162000,-1,-1,-1,1100,200,500,3.6,0,0,-1,7000,1,35,35,20,53,0.961,0.961,0.961,0.971,0.859,0.867,0.862,9900,0,220,220,0,0.982,0.862,31
0,0,0,10236,163000,-1,-1,-1,1100,200,500,1.2,0,0,-1,7000,1.1,12,12,7,18,0.992,0.991,0.991,0.991,0.965,0.967,0.966,9900,0,220,220,0,0.996,0.966,10
0,0,0,10237,164000,-1,-1,-1,1150,200,500,2.6,0,0,-1,7000,1.1,23,23,14,36,0.974,0.974,0.974,0.981,0.917,0.923,0.919,9900,0,230,230,0,0.985,0.919,21
