Id,Index,Offset,PhysicsAtkRate,MagicAtkRate,FireAtkRate,ThunderAtkRate,StaminaAtkRate,SaWeaponAtkRate,SaDurabilityRate,CorrectStrengthRate,CorrectAgilityRate,CorrectMagicRate,CorrectFaithRate,PhysicsGuardCutRate,MagicGuardCutRate,FireGuardCutRate,ThunderGuardCutRate,PoisonGuardResistRate,DiseaseGuardResistRate,BloodGuardResistRate,CurseGuardResistRate,StaminaGuardDefRate,SpEffectId1,SpEffectId2,SpEffectId3,ResidentSpEffectId1,ResidentSpEffectId2,ResidentSpEffectId3,MaterialSetId1,MaterialSetId2,DarkAtkRate,DarkGuardResistRate,CorrectLuckRate
0,0,0,1,1,1,1,1,1,1,1,1,1,1,1,1,1,1,1,1,1,1,1,0,0,0,0,0,0,0,0,1,1,1
0,0,0,1.1,1.1,1.1,1.1,1.1,1,1,1.05,1.05,1.05,1.05,1,1,1,1,1,1,1,1,1.02,0,0,0,0,0,0,1,1,1.1,1,1.05
0,0,0,1.2,1.2,1.2,1.2,1.2,1,1,1.1,1.1,1.1,1.1,1,1,1,1,1,1,1,1,1.04,0,0,0,0,0,0,2,2,1.2,1,1.1
0,0,0,1.3,1.3,1.3,1.3,1.3,1,1,1.15,1.15,1.15,1.15,1,1,1,1,1,1,1,1,1.06,0,0,0,0,0,0,3,3,1.3,1,1.15
0,0,0,1.4,1.4,1.4,1.4,1.4,1,1,1.2,1.2,1.2,1.2,1,1,1,1,1,1,1,1,1.08,0,0,0,0,0,0,4,4,1.4,1,1.2
0,0,0,1.5,1.5,1.5,1.5,1.5,1,1,1.23,1.23,1.23,1.23,1,1,1,1,1,1,1,1,1.1,0,0,0,0,0,0,5,5,1.5,1,1.23
0,0,0,1.6,1.6,1.6,1.6,1.6,1,1,1.26,1.26,1.26,1.26,1,1,1,1,1,1,1,1,1.12,0,0,0,0,0,0,6,6,1.6,1,1.26
0,0,0,1.7,1.7,1.7,1.7,1.7,1,1,1.29,1.29,1.29,1.29,1,1,1,1,1,1,1,1,1.14,0,0,0,0,0,0,7,7,1.7,1,1.29
0,0,0,1.8,1.8,1.8,1.8,1.8,1,1,1.32,1.32,1.32,1.32,1,1,1,1,1,1,1,1,1.16,0,0,0,0,0,0,8,8,1.8,1,1.32
0,0,0,1.9,1.9,1.9,1.9,1.9,1,1,1.35,1.35,1.35,1.35,1,1,1,1,1,1,1,1,1.18,0,0,0,0,0,0,9,9,1.9,1,1.35
0,0,0,2,2,2,2,2,1,1,1.4,1.4,1.4,1.4,1,1,1,1,1,1,1,1,1.2,0,0,0,0,0,0,10,10,2,1,1.4
0,0,0,0.98,1,1,1,1,1,1,1.6,0,1,1,1,1,1,1,1,1,1,1,1,0,0,0,0,0,0,0,0,1,1,1
0,0,0,1.067,1.1,1.1,1.1,1.1,1,1,1.66,0,1.05,1.05,1,1,1,1,1,1,1,1,1.01,0,0,0,0,0,0,1,1,1.1,1,1
0,0,0,1.154,1.2,1.2,1.2,1.2,1,1,1.72,0,1.1,1.1,1,1,1,1,1,1,1,1,1.02,0,0,0,0,0,0,2,2,1.2,1,1
0,0,0,1.241,1.3,1.3,1.3,1.3,1,1,1.78,0,1.15,1.15,1,1,1,1,1,1,1,1,1.03,0,0,0,0,0,0,3,3,1.3,1,1
0,0,0,1.328,1.4,1.4,1.4,1.4,1,1,1.85,0,1.2,1.2,1,1,1,1,1,1,1,1,1.04,0,0,0,0,0,0,4,4,1.4,1,1
0,0,0,1.415,1.5,1.5,1.5,1.5,1,1,1.89,0,1.23,1.23,1,1,1,1,1,1,1,1,1.05,0,0,0,0,0,0,5,5,1.5,1,1
0,0,0,1.502,1.6,1.6,1.6,1.6,1,1,1.93,0,1.26,1.26,1,1,1,1,1,1,1,1,1.06,0,0,0,0,0,0,6,6,1.6,1,1
0,0,0,1.589,1.7,1.7,1.7,1.7,1,1,1.97,0,1.29,1.29,1,1,1,1,1,1,1,1,1.07,0,0,0,0,0,0,7,7,1.7,1,1
0,0,0,1.676,1.8,1.8,1.8,1.8,1,1,2.01,0,1.32,1.32,1,1,1,1,1,1,1,1,1.08,0,0,0,0,0,0,8,8,1.8,1,1
0,0,0,1.763,1.9,1.9,1.9,1.9,1,1,2.05,0,1.35,1.35,1,1,1,1,1,1,1,1,1.09,0,0,0,0,0,0,9,9,1.9,1,1
0,0,0,1.85,2,2,2,2,1,1,2.1,0,1.4,1.4,1,1,1,1,1,1,1,1,1.1,0,0,0,0,0,0,10,10,2,1,1
0,0,0,0.95,1,1,1,1,1,1,0.95,1.6,1,1,1,1,1,1,1,1,1,1,1,0,0,0,0,0,0,0,0,1,1,1
0,0,0,1.04,1.1,1.1,1.1,1.1,1,1,0.97,1.69,1.05,1.05,1,1,1,1,1,1,1,1,1.01,0,0,0,0,0,0,1,1,1.1,1,1
0,0,0,1.13,1.2,1.2,1.2,1.2,1,1,0.99,1.78,1.1,1.1,1,1,1,1,1,1,1,1,1.02,0,0,0,0,0,0,2,2,1.2,1,1
0,0,0,1.22,1.3,1.3,1.3,1.3,1,1,1.01,1.87,1.15,1.15,1,1,1,1,1,1,1,1,1.03,0,0,0,0,0,0,3,3,1.3,1,1
0,0,0,1.31,1.4,1.4,1.4,1.4,1,1,1.02,1.97,1.19,1.19,1,1,1,1,1,1,1,1,1.04,0,0,0,0,0,0,4,4,1.4,1,1
0,0,0,1.4,1.5,1.5,1.5,1.5,1,1,1.03,2.04,1.23,1.23,1,1,1,1,1,1,1,1,1.05,0,0,0,0,0,0,5,5,1.5,1,1
0,0,0,1.49,1.6,1.6,1.6,1.6,1,1,1.04,2.11,1.27,1.27,1,1,1,1,1,1,1,1,1.06,0,0,0,0,0,0,6,6,1.6,1,1
0,0,0,1.58,1.7,1.7,1.7,1.7,1,1,1.05,2.18,1.31,1.31,1,1,1,1,1,1,1,1,1.07,0,0,0,0,0,0,7,7,1.7,1,1
0,0,0,1.67,1.8,1.8,1.8,1.8,1,1,1.06,2.25,1.35,1.35,1,1,1,1,1,1,1,1,1.08,0,0,0,0,0,0,8,8,1.8,1,1
0,0,0,1.76,1.9,1.9,1.9,1.9,1,1,1.07,2.32,1.39,1.39,1,1,1,1,1,1,1,1,1.09,0,0,0,0,0,0,9,9,1.9,1,1
0,0,0,1.85,2,2,2,2,1,1,1.1,2.4,1.4,1.4,1,1,1,1,1,1,1,1,1.1,0,0,0,0,0,0,10,10,2,1,1
0,0,0,0.9,1,1,1,1,1,1,1.25,1.25,1,1,1,1,1,1,1,1,1,1,1,0,0,0,0,0,0,0,0,1,1,1
0,0,0,0.99,1.1,1.1,1.1,1.1,1,1,1.31,1.31,1.07,1.07,1,1,1,1,1,1,1,1,1.01,0,0,0,0,0,0,1,1,1.1,1,1
0,0,0,1.08,1.2,1.2,1.2,1.2,1,1,1.37,1.37,1.14,1.14,1,1,1,1,1,1,1,1,1.02,0,0,0,0,0,0,2,2,1.2,1,1
0,0,0,1.17,1.3,1.3,1.3,1.3,1,1,1.43,1.43,1.21,1.21,1,1,1,1,1,1,1,1,1.03,0,0,0,0,0,0,3,3,1.3,1,1
0,0,0,1.26,1.4,1.4,1.4,1.4,1,1,1.5,1.5,1.29,1.29,1,1,1,1,1,1,1,1,1.04,0,0,0,0,0,0,4,4,1.4,1,1
0,0,0,1.35,1.5,1.5,1.5,1.5,1,1,1.52,1.52,1.31,1.31,1,1,1,1,1,1,1,1,1.05,0,0,0,0,0,0,5,5,1.5,1,1
0,0,0,1.44,1.6,1.6,1.6,1.6,1,1,1.54,1.54,1.33,1.33,1,1,1,1,1,1,1,1,1.06,0,0,0,0,0,0,6,6,1.6,1,1
0,0,0,1.53,1.7,1.7,1.7,1.7,1,1,1.56,1.56,1.35,1.35,1,1,1,1,1,1,1,1,1.07,0,0,0,0,0,0,7,7,1.7,1,1
0,0,0,1.62,1.8,1.8,1.8,1.8,1,1,1.58,1.58,1.37,1.37,1,1,1,1,1,1,1,1,1.08,0,0,0,0,0,0,8,8,1.8,1,1
0,0,0,1.71,1.9,1.9,1.9,1.9,1,1,1.6,1.6,1.39,1.39,1,1,1,1,1,1,1,1,1.09,0,0,0,0,0,0,9,9,1.9,1,1
0,0,0,1.8,2,2,2,2,1,1,1.6,1.6,1.4,1.4,1,1,1,1,1,1,1,1,1.1,0,0,0,0,0,0,10,10,2,1,1
0,0,0,0.75,0.75,1,1,1,1,1,0.5,0.5,0.9,0.9,0.95,1,0.95,0.95,0.95,0.95,0.95,0.95,1,0,0,0,0,0,0,0,0,1,0.95,1
0,0,0,0.77,0.805,1,1,1.1,1,1,0.56,0.56,1,1,0.95,1.01,0.95,0.95,0.95,0.95,0.95,0.95,1,0,0,0,0,0,0,1,1,1,0.95,1
0,0,0,0.79,0.86,1,1,1.2,1,1,0.62,0.62,1.1,1.1,0.95,1.02,0.95,0.95,0.95,0.95,0.95,0.95,1,0,0,0,0,0,0,2,2,1,0.95,1
0,0,0,0.81,0.915,1,1,1.3,1,1,0.68,0.68,1.2,1.2,0.95,1.03,0.95,0.95,0.95,0.95,0.95,0.95,1,0,0,0,0,0,0,3,3,1,0.95,1
0,0,0,0.83,0.97,1,1,1.4,1,1,0.75,0.75,1.28,1.28,0.95,1.04,0.95,0.95,0.95,0.95,0.95,0.95,1,0,0,0,0,0,0,4,4,1,0.95,1
0,0,0,0.85,1.025,1,1,1.5,1,1,0.79,0.79,1.34,1.34,0.95,1.05,0.95,0.95,0.95,0.95,0.95,0.95,1,0,0,0,0,0,0,5,5,1,0.95,1
0,0,0,0.87,1.08,1,1,1.6,1,1,0.83,0.83,1.4,1.4,0.95,1.06,0.95,0.95,0.95,0.95,0.95,0.95,1,0,0,0,0,0,0,6,6,1,0.95,1
0,0,0,0.89,1.135,1,1,1.7,1,1,0.87,0.87,1.46,1.46,0.95,1.07,0.95,0.95,0.95,0.95,0.95,0.95,1,0,0,0,0,0,0,7,7,1,0.95,1
0,0,0,0.91,1.19,1,1,1.8,1,1,0.91,0.91,1.52,1.52,0.95,1.08,0.95,0.95,0.95,0.95,0.95,0.95,1,0,0,0,0,0,0,8,8,1,0.95,1
0,0,0,0.93,1.245,1,1,1.9,1,1,0.95,0.95,1.58,1.58,0.95,1.09,0.95,0.95,0.95,0.95,0.95,0.95,1,0,0,0,0,0,0,9,9,1,0.95,1
0,0,0,0.95,1.3,1,1,2,1,1,1,1,1.65,1.65,0.95,1.1,0.95,0.95,0.95,0.95,0.95,0.95,1,0,0,0,0,0,0,10,10,1,0.95,1
0,0,0,0.75,0.75,1,1,1,1,1,0.7,0.7,0.5,0.5,0.95,1,0.95,0.95,0.95,0.95,0.95,0.95,1,0,0,0,0,0,0,0,0,1,0.95,1
0,0,0,0.775,0.79,1,1,1.1,1,1,0.78,0.78,0.61,0.61,0.95,1.01,0.95,0.95,0.95,0.95,0.95,0.95,1,0,0,0,1,0,0,1,1,1,0.95,1
0,0,0,0.8,0.83,1,1,1.2,1,1,0.86,0.86,0.72,0.72,0.95,1.02,0.95,0.95,0.95,0.95,0.95,0.95,1,0,0,0,2,0,0,2,2,1,0.95,1
0,0,0,0.825,0.87,1,1,1.3,1,1,0.94,0.94,0.83,0.83,0.95,1.03,0.95,0.95,0.95,0.95,0.95,0.95,1,0,0,0,3,0,0,3,3,1,0.95,1
0,0,0,0.85,0.91,1,1,1.4,1,1,1,1,0.95,0.95,0.95,1.04,0.95,0.95,0.95,0.95,0.95,0.95,1,0,0,0,4,0,0,4,4,1,0.95,1
0,0,0,0.875,0.95,1,1,1.5,1,1,1.05,1.05,1.03,1.03,0.95,1.05,0.95,0.95,0.95,0.95,0.95,0.95,1,0,0,0,5,0,0,5,5,1,0.95,1
0,0,0,0.9,0.99,1,1,1.6,1,1,1.1,1.1,1.11,1.11,0.95,1.06,0.95,0.95,0.95,0.95,0.95,0.95,1,0,0,0,6,0,0,6,6,1,0.95,1
0,0,0,0.925,1.03,1,1,1.7,1,1,1.15,1.15,1.19,1.19,0.95,1.07,0.95,0.95,0.95,0.95,0.95,0.95,1,0,0,0,7,0,0,7,7,1,0.95,1
0,0,0,0.95,1.07,1,1,1.8,1,1,1.2,1.2,1.27,1.27,0.95,1.08,0.95,0.95,0.95,0.95,0.95,0.95,1,0,0,0,8,0,0,8,8,1,0.95,1
0,0,0,0.975,1.11,1,1,1.9,1,1,1.25,1.25,1.35,1.35,0.95,1.09,0.95,0.95,0.95,0.95,0.95,0.95,1,0,0,0,9,0,0,9,9,1,0.95,1
0,0,0,1,1.15,1,1,2,1,1,1.3,1.3,1.4,1.4,0.95,1.1,0.95,0.95,0.95,0.95,0.95,0.95,1,0,0,0,10,0,0,10,10,1,0.95,1
0,0,0,0.9,1,0.9,1,1,1,1,0,0,0,0,0.95,0.95,1.1,0.95,0.95,0.95,0.95,0.95,1,0,0,0,0,0,0,0,0,1,0.95,0
0,0,0,0.975,1,0.975,1,1.1,1,1,0,0,0,0,0.95,0.95,1.11,0.95,0.95,0.95,0.95,0.95,1,0,0,0,0,0,0,1,1,1,0.95,0
0,0,0,1.05,1,1.05,1,1.2,1,1,0,0,0,0,0.95,0.95,1.12,0.95,0.95,0.95,0.95,0.95,1,0,0,0,0,0,0,2,2,1,0.95,0
0,0,0,1.125,1,1.125,1,1.3,1,1,0,0,0,0,0.95,0.95,1.13,0.95,0.95,0.95,0.95,0.95,1,0,0,0,0,0,0,3,3,1,0.95,0
0,0,0,1.2,1,1.2,1,1.4,1,1,0,0,0,0,0.95,0.95,1.14,0.95,0.95,0.95,0.95,0.95,1,0,0,0,0,0,0,4,4,1,0.95,0
0,0,0,1.275,1,1.275,1,1.5,1,1,0,0,0,0,0.95,0.95,1.15,0.95,0.95,0.95,0.95,0.95,1,0,0,0,0,0,0,5,5,1,0.95,0
0,0,0,1.35,1,1.35,1,1.6,1,1,0,0,0,0,0.95,0.95,1.16,0.95,0.95,0.95,0.95,0.95,1,0,0,0,0,0,0,6,6,1,0.95,0
0,0,0,1.425,1,1.425,1,1.7,1,1,0,0,0,0,0.95,0.95,1.17,0.95,0.95,0.95,0.95,0.95,1,0,0,0,0,0,0,7,7,1,0.95,0
0,0,0,1.5,1,1.5,1,1.8,1,1,0,0,0,0,0.95,0.95,1.18,0.95,0.95,0.95,0.95,0.95,1,0,0,0,0,0,0,8,8,1,0.95,0
0,0,0,1.575,1,1.575,1,1.9,1,1,0,0,0,0,0.95,0.95,1.19,0.95,0.95,0.95,0.95,0.95,1,0,0,0,0,0,0,9,9,1,0.95,0
0,0,0,1.65,1,1.65,1,2,1,1,0,0,0,0,0.95,0.95,1.2,0.95,0.95,0.95,0.95,0.95,1,0,0,0,0,0,0,10,10,1,0.95,0
0,0,0,0.8,1,0.8,1,1,1,1,0.3,0.3,0.54,0.54,0.95,0.95,1,0.95,0.95,0.95,0.95,0.95,1,0,0,0,0,0,0,0,0,1,0.95,1
0,0,0,0.82,1,0.85,1,1.1,1,1,0.46,0.46,0.64,0.64,0.95,0.95,1.01,0.95,0.95,0.95,0.95,0.95,1,0,0,0,0,0,0,1,1,1,0.95,1
0,0,0,0.84,1,0.9,1,1.2,1,1,0.62,0.62,0.74,0.74,0.95,0.95,1.02,0.95,0.95,0.95,0.95,0.95,1,0,0,0,0,0,0,2,2,1,0.95,1
0,0,0,0.86,1,0.95,1,1.3,1,1,0.78,0.78,0.84,0.84,0.95,0.95,1.03,0.95,0.95,0.95,0.95,0.95,1,0,0,0,0,0,0,3,3,1,0.95,1
0,0,0,0.88,1,1,1,1.4,1,1,0.95,0.95,0.94,0.94,0.95,0.95,1.04,0.95,0.95,0.95,0.95,0.95,1,0,0,0,0,0,0,4,4,1,0.95,1
0,0,0,0.9,1,1.05,1,1.5,1,1,0.99,0.99,0.97,0.97,0.95,0.95,1.05,0.95,0.95,0.95,0.95,0.95,1,0,0,0,0,0,0,5,5,1,0.95,1
0,0,0,0.92,1,1.1,1,1.6,1,1,1.03,1.03,1,1,0.95,0.95,1.06,0.95,0.95,0.95,0.95,0.95,1,0,0,0,0,0,0,6,6,1,0.95,1
0,0,0,0.94,1,1.15,1,1.7,1,1,1.07,1.07,1.03,1.03,0.95,0.95,1.07,0.95,0.95,0.95,0.95,0.95,1,0,0,0,0,0,0,7,7,1,0.95,1
0,0,0,0.96,1,1.2,1,1.8,1,1,1.11,1.11,1.06,1.06,0.95,0.95,1.08,0.95,0.95,0.95,0.95,0.95,1,0,0,0,0,0,0,8,8,1,0.95,1
0,0,0,0.98,1,1.25,1,1.9,1,1,1.15,1.15,1.09,1.09,0.95,0.95,1.09,0.95,0.95,0.95,0.95,0.95,1,0,0,0,0,0,0,9,9,1,0.95,1
0,0,0,1,1,1.3,1,2,1,1,1.2,1.2,1.1,1.1,0.95,0.95,1.1,0.95,0.95,0.95,0.95,0.95,1,0,0,0,0,0,0,10,10,1,0.95,1
0,0,0,0.75,1,1,0.75,1,1,1,0.5,0.5,0.9,0.9,0.95,0.95,0.95,1,0.95,0.95,0.95,0.95,1,0,0,0,0,0,0,0,0,1,0.95,1
0,0,0,0.77,1,1,0.805,1.1,1,1,0.59,0.59,1.04,1.04,0.95,0.95,0.95,1.01,0.95,0.95,0.95,0.95,1,0,0,0,0,0,0,1,1,1,0.95,1
0,0,0,0.79,1,1,0.86,1.2,1,1,0.68,0.68,1.18,1.18,0.95,0.95,0.95,1.02,0.95,0.95,0.95,0.95,1,0,0,0,0,0,0,2,2,1,0.95,1
0,0,0,0.81,1,1,0.915,1.3,1,1,0.77,0.77,1.32,1.32,0.95,0.95,0.95,1.03,0.95,0.95,0.95,0.95,1,0,0,0,0,0,0,3,3,1,0.95,1
0,0,0,0.83,1,1,0.97,1.4,1,1,0.86,0.86,1.44,1.44,0.95,0.95,0.95,1.04,0.95,0.95,0.95,0.95,1,0,0,0,0,0,0,4,4,1,0.95,1
0,0,0,0.85,1,1,1.025,1.5,1,1,0.88,0.88,1.48,1.48,0.95,0.95,0.95,1.05,0.95,0.95,0.95,0.95,1,0,0,0,0,0,0,5,5,1,0.95,1
0,0,0,0.87,1,1,1.08,1.6,1,1,0.9,0.9,1.52,1.52,0.95,0.95,0.95,1.06,0.95,0.95,0.95,0.95,1,0,0,0,0,0,0,6,6,1,0.95,1
0,0,0,0.89,1,1,1.135,1.7,1,1,0.92,0.92,1.56,1.56,0.95,0.95,0.95,1.07,0.95,0.95,0.95,0.95,1,0,0,0,0,0,0,7,7,1,0.95,1
0,0,0,0.91,1,1,1.19,1.8,1,1,0.94,0.94,1.6,1.6,0.95,0.95,0.95,1.08,0.95,0.95,0.95,0.95,1,0,0,0,0,0,0,8,8,1,0.95,1
0,0,0,0.93,1,1,1.245,1.9,1,1,0.96,0.96,1.64,1.64,0.95,0.95,0.95,1.09,0.95,0.95,0.95,0.95,1,0,0,0,0,0,0,9,9,1,0.95,1
0,0,0,0.95,1,1,1.3,2,1,1,1,1,1.65,1.65,0.95,0.95,0.95,1.1,0.95,0.95,0.95,0.95,1,0,0,0,0,0,0,10,10,1,0.95,1
0,0,0,0.9,1,1,1,1,1,1,0,0,0,0,0.95,0.95,0.95,0.95,0.95,0.95,0.95,0.95,1,0,0,0,0,0,0,0,0,0.9,1.1,0
0,0,0,0.975,1,1,1,1.1,1,1,0,0,0,0,0.95,0.95,0.95,0.95,0.95,0.95,0.95,0.95,1,0,0,0,0,0,0,1,1,0.975,1.11,0
0,0,0,1.05,1,1,1,1.2,1,1,0,0,0,0,0.95,0.95,0.95,0.95,0.95,0.95,0.95,0.95,1,0,0,0,0,0,0,2,2,1.05,1.12,0
0,0,0,1.125,1,1,1,1.3,1,1,0,0,0,0,0.95,0.95,0.95,0.95,0.95,0.95,0.95,0.95,1,0,0,0,0,0,0,3,3,1.125,1.13,0
0,0,0,1.2,1,1,1,1.4,1,1,0,0,0,0,0.95,0.95,0.95,0.95,0.95,0.95,0.95,0.95,1,0,0,0,0,0,0,4,4,1.2,1.14,0
0,0,0,1.275,1,1,1,1.5,1,1,0,0,0,0,0.95,0.95,0.95,0.95,0.95,0.95,0.95,0.95,1,0,0,0,0,0,0,5,5,1.275,1.15,0
0,0,0,1.35,1,1,1,1.6,1,1,0,0,0,0,0.95,0.95,0.95,0.95,0.95,0.95,0.95,0.95,1,0,0,0,0,0,0,6,6,1.35,1.16,0
0,0,0,1.425,1,1,1,1.7,1,1,0,0,0,0,0.95,0.95,0.95,0.95,0.95,0.95,0.95,0.95,1,0,0,0,0,0,0,7,7,1.425,1.17,0
0,0,0,1.5,1,1,1,1.8,1,1,0,0,0,0,0.95,0.95,0.95,0.95,0.95,0.95,0.95,0.95,1,0,0,0,0,0,0,8,8,1.5,1.18,0
0,0,0,1.575,1,1,1,1.9,1,1,0,0,0,0,0.95,0.95,0.95,0.95,0.95,0.95,0.95,0.95,1,0,0,0,0,0,0,9,9,1.575,1.19,0
0,0,0,1.65,1,1,1,2,1,1,0,0,0,0,0.95,0.95,0.95,0.95,0.95,0.95,0.95,0.95,1,0,0,0,0,0,0,10,10,1.65,1.2,0
0,0,0,0.8,1,1,1,1,1,1,0.3,0.3,0.54,0.54,0.95,0.95,0.95,0.95,0.95,0.95,0.95,0.95,1,0,0,0,0,0,0,0,0,0.8,1,1
0,0,0,0.82,1,1,1,1.1,1,1,0.41,0.41,0.61,0.61,0.95,0.95,0.95,0.95,0.95,0.95,0.95,0.95,1,0,0,0,0,0,0,1,1,0.85,1.01,1
0,0,0,0.84,1,1,1,1.2,1,1,0.52,0.52,0.68,0.68,0.95,0.95,0.95,0.95,0.95,0.95,0.95,0.95,1,0,0,0,0,0,0,2,2,0.9,1.02,1
0,0,0,0.86,1,1,1,1.3,1,1,0.63,0.63,0.75,0.75,0.95,0.95,0.95,0.95,0.95,0.95,0.95,0.95,1,0,0,0,0,0,0,3,3,0.95,1.03,1
0,0,0,0.88,1,1,1,1.4,1,1,0.75,0.75,0.82,0.82,0.95,0.95,0.95,0.95,0.95,0.95,0.95,0.95,1,0,0,0,0,0,0,4,4,1,1.04,1
0,0,0,0.9,1,1,1,1.5,1,1,0.83,0.83,0.87,0.87,0.95,0.95,0.95,0.95,0.95,0.95,0.95,0.95,1,0,0,0,0,0,0,5,5,1.05,1.05,1
0,0,0,0.92,1,1,1,1.6,1,1,0.91,0.91,0.92,0.92,0.95,0.95,0.95,0.95,0.95,0.95,0.95,0.95,1,0,0,0,0,0,0,6,6,1.1,1.06,1
0,0,0,0.94,1,1,1,1.7,1,1,0.99,0.99,0.97,0.97,0.95,0.95,0.95,0.95,0.95,0.95,0.95,0.95,1,0,0,0,0,0,0,7,7,1.15,1.07,1
0,0,0,0.96,1,1,1,1.8,1,1,1.07,1.07,1.02,1.02,0.95,0.95,0.95,0.95,0.95,0.95,0.95,0.95,1,0,0,0,0,0,0,8,8,1.2,1.08,1
0,0,0,0.98,1,1,1,1.9,1,1,1.15,1.15,1.07,1.07,0.95,0.95,0.95,0.95,0.95,0.95,0.95,0.95,1,0,0,0,0,0,0,9,9,1.25,1.09,1
0,0,0,1,1,1,1,2,1,1,1.2,1.2,1.1,1.1,0.95,0.95,0.95,0.95,0.95,0.95,0.95,0.95,1,0,0,0,0,0,0,10,10,1.3,1.1,1
0,0,0,0.9,0.9,0.9,0.9,1,1,1,0.9,0.9,0.9,0.9,0.95,0.95,0.95,0.95,1.1,1.1,0.95,0.95,1,0,0,0,0,0,0,0,0,0.9,0.95,1
0,0,0,0.965,0.965,0.965,0.965,1.1,1,1,0.99,0.99,0.99,0.99,0.95,0.95,0.95,0.95,1.11,1.11,0.95,0.95,1,0,1,0,0,0,0,1,1,0.965,0.95,1.18
0,0,0,1.03,1.03,1.03,1.03,1.2,1,1,1.08,1.08,1.08,1.08,0.95,0.95,0.95,0.95,1.12,1.12,0.95,0.95,1,0,2,0,0,0,0,2,2,1.03,0.95,1.36
0,0,0,1.095,1.095,1.095,1.095,1.3,1,1,1.17,1.17,1.17,1.17,0.95,0.95,0.95,0.95,1.13,1.13,0.95,0.95,1,0,3,0,0,0,0,3,3,1.095,0.95,1.54
0,0,0,1.16,1.16,1.16,1.16,1.4,1,1,1.26,1.26,1.26,1.26,0.95,0.95,0.95,0.95,1.14,1.14,0.95,0.95,1,0,4,0,0,0,0,4,4,1.16,0.95,1.72
0,0,0,1.225,1.225,1.225,1.225,1.5,1,1,1.28,1.28,1.28,1.28,0.95,0.95,0.95,0.95,1.15,1.15,0.95,0.95,1,0,5,0,0,0,0,5,5,1.225,0.95,1.77
0,0,0,1.29,1.29,1.29,1.29,1.6,1,1,1.3,1.3,1.3,1.3,0.95,0.95,0.95,0.95,1.16,1.16,0.95,0.95,1,0,6,0,0,0,0,6,6,1.29,0.95,1.82
0,0,0,1.355,1.355,1.355,1.355,1.7,1,1,1.32,1.32,1.32,1.32,0.95,0.95,0.95,0.95,1.17,1.17,0.95,0.95,1,0,7,0,0,0,0,7,7,1.355,0.95,1.87
0,0,0,1.42,1.42,1.42,1.42,1.8,1,1,1.34,1.34,1.34,1.34,0.95,0.95,0.95,0.95,1.18,1.18,0.95,0.95,1,0,8,0,0,0,0,8,8,1.42,0.95,1.92
0,0,0,1.485,1.485,1.485,1.485,1.9,1,1,1.36,1.36,1.36,1.36,0.95,0.95,0.95,0.95,1.19,1.19,0.95,0.95,1,0,9,0,0,0,0,9,9,1.485,0.95,1.97
0,0,0,1.55,1.55,1.55,1.55,2,1,1,1.4,1.4,1.4,1.4,0.95,0.95,0.95,0.95,1.2,1.2,0.95,0.95,1,0,10,0,0,0,0,10,10,1.55,0.95,2
0,0,0,0.9,0.9,0.9,0.9,1,1,1,0.9,0.9,0.9,0.9,0.95,0.95,0.95,0.95,0.95,0.95,1.1,0.95,1,0,0,0,0,0,0,0,0,0.9,0.95,1
0,0,0,0.965,0.965,0.965,0.965,1.1,1,1,0.99,0.99,0.99,0.99,0.95,0.95,0.95,0.95,0.95,0.95,1.11,0.95,1,1,0,0,0,0,0,1,1,0.965,0.95,1.18
0,0,0,1.03,1.03,1.03,1.03,1.2,1,1,1.08,1.08,1.08,1.08,0.95,0.95,0.95,0.95,0.95,0.95,1.12,0.95,1,2,0,0,0,0,0,2,2,1.03,0.95,1.36
0,0,0,1.095,1.095,1.095,1.095,1.3,1,1,1.17,1.17,1.17,1.17,0.95,0.95,0.95,0.95,0.95,0.95,1.13,0.95,1,3,0,0,0,0,0,3,3,1.095,0.95,1.54
0,0,0,1.16,1.16,1.16,1.16,1.4,1,1,1.26,1.26,1.26,1.26,0.95,0.95,0.95,0.95,0.95,0.95,1.14,0.95,1,4,0,0,0,0,0,4,4,1.16,0.95,1.72
0,0,0,1.225,1.225,1.225,1.225,1.5,1,1,1.28,1.28,1.28,1.28,0.95,0.95,0.95,0.95,0.95,0.95,1.15,0.95,1,5,0,0,0,0,0,5,5,1.225,0.95,1.77
0,0,0,1.29,1.29,1.29,1.29,1.6,1,1,1.3,1.3,1.3,1.3,0.95,0.95,0.95,0.95,0.95,0.95,1.16,0.95,1,6,0,0,0,0,0,6,6,1.29,0.95,1.82
0,0,0,1.355,1.355,1.355,1.355,1.7,1,1,1.32,1.32,1.32,1.32,0.95,0.95,0.95,0.95,0.95,0.95,1.17,0.95,1,7,0,0,0,0,0,7,7,1.355,0.95,1.87
0,0,0,1.42,1.42,1.42,1.42,1.8,1,1,1.34,1.34,1.34,1.34,0.95,0.95,0.95,0.95,0.95,0.95,1.18,0.95,1,8,0,0,0,0,0,8,8,1.42,0.95,1.92
0,0,0,1.485,1.485,1.485,1.485,1.9,1,1,1.36,1.36,1.36,1.36,0.95,0.95,0.95,0.95,0.95,0.95,1.19,0.95,1,9,0,0,0,0,0,9,9,1.485,0.95,1.97
0,0,0,1.55,1.55,1.55,1.55,2,1,1,1.4,1.4,1.4,1.4,0.95,0.95,0.95,0.95,0.95,0.95,1.2,0.95,1,10,0,0,0,0,0,10,10,1.55,0.95,2
0,0,0,1.3,1,1,1,1,1,1,0,0,0,0,0.95,0.95,0.95,0.95,0.95,0.95,0.95,0.95,1,0,0,0,0,0,0,0,0,1,0.95,0
0,0,0,1.42,1.1,1.1,1.1,1.1,1,1,0,0,0,0,0.95,0.95,0.95,0.95,0.95,0.95,0.95,0.95,1,0,0,0,0,0,0,1,1,1.1,0.95,0
0,0,0,1.54,1.2,1.2,1.2,1.2,1,1,0,0,0,0,0.95,0.95,0.95,0.95,0.95,0.95,0.95,0.95,1,0,0,0,0,0,0,2,2,1.2,0.95,0
0,0,0,1.66,1.3,1.3,1.3,1.3,1,1,0,0,0,0,0.95,0.95,0.95,0.95,0.95,0.95,0.95,0.95,1,0,0,0,0,0,0,3,3,1.3,0.95,0
0,0,0,1.78,1.4,1.4,1.4,1.4,1,1,0,0,0,0,0.95,0.95,0.95,0.95,0.95,0.95,0.95,0.95,1,0,0,0,0,0,0,4,4,1.4,0.95,0
0,0,0,1.9,1.5,1.5,1.5,1.5,1,1,0,0,0,0,0.95,0.95,0.95,0.95,0.95,0.95,0.95,0.95,1,0,0,0,0,0,0,5,5,1.5,0.95,0
0,0,0,2.02,1.6,1.6,1.6,1.6,1,1,0,0,0,0,0.95,0.95,0.95,0.95,0.95,0.95,0.95,0.95,1,0,0,0,0,0,0,6,6,1.6,0.95,0
0,0,0,2.14,1.7,1.7,1.7,1.7,1,1,0,0,0,0,0.95,0.95,0.95,0.95,0.95,0.95,0.95,0.95,1,0,0,0,0,0,0,7,7,1.7,0.95,0
0,0,0,2.26,1.8,1.8,1.8,1.8,1,1,0,0,0,0,0.95,0.95,0.95,0.95,0.95,0.95,0.95,0.95,1,0,0,0,0,0,0,8,8,1.8,0.95,0
0,0,0,2.38,1.9,1.9,1.9,1.9,1,1,0,0,0,0,0.95,0.95,0.95,0.95,0.95,0.95,0.95,0.95,1,0,0,0,0,0,0,9,9,1.9,0.95,0
0,0,0,2.5,2,2,2,2,1,1,0,0,0,0,0.95,0.95,0.95,0.95,0.95,0.95,0.95,0.95,1,0,0,0,0,0,0,10,10,2,0.95,0
0,0,0,0.8,0.8,0.8,0.8,1,1,1,0.7,0.7,0.7,1,0.95,0.95,0.95,0.95,0.95,0.95,0.95,0.95,0.95,0,0,0,0,0,0,0,0,0.8,0.95,1
0,0,0,0.85,0.85,0.85,0.85,1.1,1,1,0.75,0.75,0.75,1.04,0.95,0.95,0.95,0.95,0.95,0.95,0.95,0.95,0.95,0,0,0,1,0,0,1,1,0.85,0.95,1
0,0,0,0.9,0.9,0.9,0.9,1.2,1,1,0.8,0.8,0.8,1.08,0.95,0.95,0.95,0.95,0.95,0.95,0.95,0.95,0.95,0,0,0,2,0,0,2,2,0.9,0.95,1
0,0,0,0.95,0.95,0.95,0.95,1.3,1,1,0.85,0.85,0.85,1.12,0.95,0.95,0.95,0.95,0.95,0.95,0.95,0.95,0.95,0,0,0,3,0,0,3,3,0.95,0.95,1
0,0,0,1,1,1,1,1.4,1,1,0.9,0.9,0.9,1.15,0.95,0.95,0.95,0.95,0.95,0.95,0.95,0.95,0.95,0,0,0,4,0,0,4,4,1,0.95,1
0,0,0,1.05,1.05,1.05,1.05,1.5,1,1,0.93,0.93,0.93,1.18,0.95,0.95,0.95,0.95,0.95,0.95,0.95,0.95,0.95,0,0,0,5,0,0,5,5,1.05,0.95,1
0,0,0,1.1,1.1,1.1,1.1,1.6,1,1,0.96,0.96,0.96,1.21,0.95,0.95,0.95,0.95,0.95,0.95,0.95,0.95,0.95,0,0,0,6,0,0,6,6,1.1,0.95,1
0,0,0,1.15,1.15,1.15,1.15,1.7,1,1,0.99,0.99,0.99,1.24,0.95,0.95,0.95,0.95,0.95,0.95,0.95,0.95,0.95,0,0,0,7,0,0,7,7,1.15,0.95,1
0,0,0,1.2,1.2,1.2,1.2,1.8,1,1,1.02,1.02,1.02,1.27,0.95,0.95,0.95,0.95,0.95,0.95,0.95,0.95,0.95,0,0,0,8,0,0,8,8,1.2,0.95,1
0,0,0,1.25,1.25,1.25,1.25,1.9,1,1,1.05,1.05,1.05,1.3,0.95,0.95,0.95,0.95,0.95,0.95,0.95,0.95,0.95,0,0,0,9,0,0,9,9,1.25,0.95,1
0,0,0,1.3,1.3,1.3,1.3,2,1,1,1.1,1.1,1.1,1.3,0.95,0.95,0.95,0.95,0.95,0.95,0.95,0.95,0.95,0,0,0,10,0,0,10,10,1.3,0.95,1
0,0,0,0.95,0.95,0.95,0.95,1,1,1,0.9,0.9,0.9,0.9,0.95,0.95,0.95,0.95,0.95,0.95,0.95,0.95,0.95,0,0,0,0,0,0,0,0,0.95,0.95,1
0,0,0,1.045,1.045,1.045,1.045,1.1,1,1,0.99,0.99,0.99,0.99,0.95,0.95,0.95,0.95,0.95,0.95,0.95,0.95,0.95,0,0,0,0,0,1,1,1,1.045,0.95,1.09
0,0,0,1.14,1.14,1.14,1.14,1.2,1,1,1.08,1.08,1.08,1.08,0.95,0.95,0.95,0.95,0.95,0.95,0.95,0.95,0.95,0,0,0,0,0,2,2,2,1.14,0.95,1.18
0,0,0,1.235,1.235,1.235,1.235,1.3,1,1,1.17,1.17,1.17,1.17,0.95,0.95,0.95,0.95,0.95,0.95,0.95,0.95,0.95,0,0,0,0,0,3,3,3,1.235,0.95,1.27
0,0,0,1.33,1.33,1.33,1.33,1.4,1,1,1.26,1.26,1.26,1.26,0.95,0.95,0.95,0.95,0.95,0.95,0.95,0.95,0.95,0,0,0,0,0,4,4,4,1.33,0.95,1.36
0,0,0,1.425,1.425,1.425,1.425,1.5,1,1,1.28,1.28,1.28,1.28,0.95,0.95,0.95,0.95,0.95,0.95,0.95,0.95,0.95,0,0,0,0,0,5,5,5,1.425,0.95,1.38
0,0,0,1.52,1.52,1.52,1.52,1.6,1,1,1.3,1.3,1.3,1.3,0.95,0.95,0.95,0.95,0.95,0.95,0.95,0.95,0.95,0,0,0,0,0,6,6,6,1.52,0.95,1.4
0,0,0,1.615,1.615,1.615,1.615,1.7,1,1,1.32,1.32,1.32,1.32,0.95,0.95,0.95,0.95,0.95,0.95,0.95,0.95,0.95,0,0,0,0,0,7,7,7,1.615,0.95,1.42
0,0,0,1.71,1.71,1.71,1.71,1.8,1,1,1.34,1.34,1.34,1.34,0.95,0.95,0.95,0.95,0.95,0.95,0.95,0.95,0.95,0,0,0,0,0,8,8,8,1.71,0.95,1.44
0,0,0,1.805,1.805,1.805,1.805,1.9,1,1,1.36,1.36,1.36,1.36,0.95,0.95,0.95,0.95,0.95,0.95,0.95,0.95,0.95,0,0,0,0,0,9,9,9,1.805,0.95,1.46
0,0,0,1.9,1.9,1.9,1.9,2,1,1,1.4,1.4,1.4,1.4,0.95,0.95,0.95,0.95,0.95,0.95,0.95,0.95,0.95,0,0,0,0,0,10,10,10,1.9,0.95,1.5
0,0,0,0.8,0.8,0.8,0.8,1,1,1,1,1,1,1,1,1,1,1,1,1,1,1,1,0,0,0,0,0,0,0,0,0.8,1,1
0,0,0,0.9,0.9,0.9,0.9,1.1,1,1,1.07,1.07,1.07,1.07,1,1,1,1,1,1,1,1,1,0,0,0,0,0,0,1,1,0.9,1,1.07
0,0,0,1,1,1,1,1.2,1,1,1.14,1.14,1.14,1.14,1,1,1,1,1,1,1,1,1,0,0,0,0,0,0,2,2,1,1,1.14
0,0,0,1.1,1.1,1.1,1.1,1.3,1,1,1.21,1.21,1.21,1.21,1,1,1,1,1,1,1,1,1,0,0,0,0,0,0,3,3,1.1,1,1.21
0,0,0,1.2,1.2,1.2,1.2,1.4,1,1,1.29,1.29,1.29,1.29,1,1,1,1,1,1,1,1,1,0,0,0,0,0,0,4,4,1.2,1,1.29
0,0,0,1.3,1.3,1.3,1.3,1.5,1,1,1.31,1.31,1.31,1.31,1,1,1,1,1,1,1,1,1,0,0,0,0,0,0,5,5,1.3,1,1.31
0,0,0,1.4,1.4,1.4,1.4,1.6,1,1,1.33,1.33,1.33,1.33,1,1,1,1,1,1,1,1,1,0,0,0,0,0,0,6,6,1.4,1,1.33
0,0,0,1.5,1.5,1.5,1.5,1.7,1,1,1.35,1.35,1.35,1.35,1,1,1,1,1,1,1,1,1,0,0,0,0,0,0,7,7,1.5,1,1.35
0,0,0,1.6,1.6,1.6,1.6,1.8,1,1,1.37,1.37,1.37,1.37,1,1,1,1,1,1,1,1,1,0,0,0,0,0,0,8,8,1.6,1,1.37
0,0,0,1.7,1.7,1.7,1.7,1.9,1,1,1.39,1.39,1.39,1.39,1,1,1,1,1,1,1,1,1,0,0,0,0,0,0,9,9,1.7,1,1.39
0,0,0,1.8,1.8,1.8,1.8,2,1,1,1.4,1.4,1.4,1.4,1,1,1,1,1,1,1,1,1,0,0,0,0,0,0,10,10,1.8,1,1.4
0,0,0,1.1,1.1,1.1,1.1,1,1,1,1,1,1,1,1,1,1,1,1,1,1,1,1,0,0,0,0,0,0,0,0,1.1,1,1
0,0,0,1.28,1.28,1.28,1.28,1.2,1,1,1.08,1.08,1.08,1.08,1,1,1,1,1,1,1,1,1,0,0,0,0,0,0,1,2,1.28,1,1.08
0,0,0,1.46,1.46,1.46,1.46,1.4,1,1,1.16,1.16,1.16,1.16,1,1,1,1,1,1,1,1,1,0,0,0,0,0,0,2,4,1.46,1,1.16
0,0,0,1.64,1.64,1.64,1.64,1.6,1,1,1.24,1.24,1.24,1.24,1,1,1,1,1,1,1,1,1,0,0,0,0,0,0,3,6,1.64,1,1.24
0,0,0,1.82,1.82,1.82,1.82,1.8,1,1,1.32,1.32,1.32,1.32,1,1,1,1,1,1,1,1,1,0,0,0,0,0,0,4,8,1.82,1,1.32
0,0,0,2,2,2,2,2,1,1,1.4,1.4,1.4,1.4,1,1,1,1,1,1,1,1,1,0,0,0,0,0,0,5,10,2,1,1.4
0,0,0,1.15,1.15,1.15,1.15,1,1,1,1,1,1,1,1,1,1,1,1,1,1,1,1,0,0,0,0,0,0,0,0,1.15,1,1
0,0,0,1.28,1.28,1.28,1.28,1.2,1,1,1.08,1.08,1.08,1.08,1,1,1,1,1,1,1,1,1,0,0,0,0,0,0,1,2,1.28,1,1.08
0,0,0,1.37,1.37,1.37,1.37,1.4,1,1,1.16,1.16,1.16,1.16,1,1,1,1,1,1,1,1,1,0,0,0,0,0,0,2,4,1.37,1,1.16
0,0,0,1.6,1.6,1.6,1.6,1.6,1,1,1.24,1.24,1.24,1.24,1,1,1,1,1,1,1,1,1,0,0,0,0,0,0,3,6,1.6,1,1.24
0,0,0,1.8,1.8,1.8,1.8,1.8,1,1,1.32,1.32,1.32,1.32,1,1,1,1,1,1,1,1,1,0,0,0,0,0,0,4,8,1.8,1,1.32
0,0,0,2,2,2,2,2,1,1,1.4,1.4,1.4,1.4,1,1,1,1,1,1,1,1,1,0,0,0,0,0,0,5,10,2,1,1.4
0,0,0,1.1,1.1,1.1,1.1,1,1,1,1,1,1,1,1,1,1,1,1,1,1,1,1,0,0,0,0,0,0,0,0,1.1,1,1
0,0,0,1.28,1.28,1.28,1.28,1.2,1,1,1.08,1.08,1.08,1.08,1,1,1,1,1,1,1,1,1,0,0,0,0,0,0,1,2,1.28,1,1.08
0,0,0,1.46,1.46,1.46,1.46,1.4,1,1,1.16,1.16,1.16,1.16,1,1,1,1,1,1,1,1,1,0,0,0,0,0,0,2,4,1.46,1,1.16
0,0,0,1.64,1.64,1.64,1.64,1.6,1,1,1.24,1.24,1.24,1.24,1,1,1,1,1,1,1,1,1,0,0,0,0,0,0,3,6,1.64,1,1.24
0,0,0,1.82,1.82,1.82,1.82,1.8,1,1,1.32,1.32,1.32,1.32,1,1,1,1,1,1,1,1,1,0,0,0,0,0,0,4,8,1.82,1,1.32
0,0,0,2,2,2,2,2,1,1,1.4,1.4,1.4,1.4,1,1,1,1,1,1,1,1,1,0,0,0,0,0,0,5,10,2,1,1.4
0,0,0,1.15,1.15,1.15,1.15,1,1,1,1,1,1,1,1,1,1,1,1,1,1,1,1,0,0,0,0,0,0,0,0,1.15,1,1
0,0,0,1.28,1.28,1.28,1.28,1.2,1,1,1.08,1.08,1.08,1.08,1,1,1,1,1,1,1,1,1,0,0,0,0,0,0,1,2,1.28,1,1.08
0,0,0,1.37,1.37,1.37,1.37,1.4,1,1,1.16,1.16,1.16,1.16,1,1,1,1,1,1,1,1,1,0,0,0,0,0,0,2,4,1.37,1,1.16
0,0,0,1.6,1.6,1.6,1.6,1.6,1,1,1.24,1.24,1.24,1.24,1,1,1,1,1,1,1,1,1,0,0,0,0,0,0,3,6,1.6,1,1.24
0,0,0,1.8,1.8,1.8,1.8,1.8,1,1,1.32,1.32,1.32,1.32,1,1,1,1,1,1,1,1,1,0,0,0,0,0,0,4,8,1.8,1,1.32
0,0,0,2,2,2,2,2,1,1,1.4,1.4,1.4,1.4,1,1,1,1,1,1,1,1,1,0,0,0,0,0,0,5,10,2,1,1.4
0,0,0,1.1,1.1,1.1,1.1,1,1,1,1,1,1,1,1,1,1,1,1,1,1,1,1,0,0,0,0,0,0,0,0,1.1,1,1
0,0,0,1.28,1.28,1.28,1.28,1.2,1,1,1.08,1.08,1.08,1.08,1,1,1,1,1,1,1,1,1,0,0,0,0,0,0,1,2,1.28,1,1.08
0,0,0,1.46,1.46,1.46,1.46,1.4,1,1,1.16,1.16,1.16,1.16,1,1,1,1,1,1,1,1,1,0,0,0,0,0,0,2,4,1.46,1,1.16
0,0,0,1.64,1.64,1.64,1.64,1.6,1,1,1.24,1.24,1.24,1.24,1,1,1,1,1,1,1,1,1,0,0,0,0,0,0,3,6,1.64,1,1.24
0,0,0,1.82,1.82,1.82,1.82,1.8,1,1,1.32,1.32,1.32,1.32,1,1,1,1,1,1,1,1,1,0,0,0,0,0,0,4,8,1.82,1,1.32
0,0,0,2,2,2,2,2,1,1,1.4,1.4,1.4,1.4,1,1,1,1,1,1,1,1,1,0,0,0,0,0,0,5,10,2,1,1.4
0,0,0,1.15,1.15,1.15,1.15,1,1,1,1,1,1,1,1,1,1,1,1,1,1,1,1,0,0,0,0,0,0,0,0,1.15,1,1
0,0,0,1.28,1.28,1.28,1.28,1.2,1,1,1.08,1.08,1.08,1.08,1,1,1,1,1,1,1,1,1,0,0,0,0,0,0,1,2,1.28,1,1.08
0,0,0,1.37,1.37,1.37,1.37,1.4,1,1,1.16,1.16,1.16,1.16,1,1,1,1,1,1,1,1,1,0,0,0,0,0,0,2,4,1.37,1,1.16
0,0,0,1.6,1.6,1.6,1.6,1.6,1,1,1.24,1.24,1.24,1.24,1,1,1,1,1,1,1,1,1,0,0,0,0,0,0,3,6,1.6,1,1.24
0,0,0,1.8,1.8,1.8,1.8,1.8,1,1,1.32,1.32,1.32,1.32,1,1,1,1,1,1,1,1,1,0,0,0,0,0,0,4,8,1.8,1,1.32
0,0,0,2,2,2,2,2,1,1,1.4,1.4,1.4,1.4,1,1,1,1,1,1,1,1,1,0,0,0,0,0,0,5,10,2,1,1.4
0,0,0,1.1,1.1,1.1,1.1,1,1,1,1,1,1,1,1,1,1,1,1,1,1,1,1,0,0,0,0,0,0,0,0,1.1,1,1
0,0,0,1.17,1.17,1.17,1.17,1.1,1,1,1.07,1.07,1.07,1.07,1,1,1,1,1,1,1,1,1,0,0,0,0,0,0,1,1,1.17,1,1.07
0,0,0,1.24,1.24,1.24,1.24,1.2,1,1,1.14,1.14,1.14,1.14,1,1,1,1,1,1,1,1,1,0,0,0,0,0,0,2,2,1.24,1,1.14
0,0,0,1.31,1.31,1.31,1.31,1.3,1,1,1.21,1.21,1.21,1.21,1,1,1,1,1,1,1,1,1,0,0,0,0,0,0,3,3,1.31,1,1.21
0,0,0,1.38,1.38,1.38,1.38,1.4,1,1,1.29,1.29,1.29,1.29,1,1,1,1,1,1,1,1,1,0,0,0,0,0,0,4,4,1.38,1,1.29
0,0,0,1.45,1.45,1.45,1.45,1.5,1,1,1.31,1.31,1.31,1.31,1,1,1,1,1,1,1,1,1,0,0,0,0,0,0,5,5,1.45,1,1.31
0,0,0,1.52,1.52,1.52,1.52,1.6,1,1,1.33,1.33,1.33,1.33,1,1,1,1,1,1,1,1,1,0,0,0,0,0,0,6,6,1.52,1,1.33
0,0,0,1.59,1.59,1.59,1.59,1.7,1,1,1.35,1.35,1.35,1.35,1,1,1,1,1,1,1,1,1,0,0,0,0,0,0,7,7,1.59,1,1.35
0,0,0,1.66,1.66,1.66,1.66,1.8,1,1,1.37,1.37,1.37,1.37,1,1,1,1,1,1,1,1,1,0,0,0,0,0,0,8,8,1.66,1,1.37
0,0,0,1.73,1.73,1.73,1.73,1.9,1,1,1.39,1.39,1.39,1.39,1,1,1,1,1,1,1,1,1,0,0,0,0,0,0,9,9,1.73,1,1.39
0,0,0,1.8,1.8,1.8,1.8,2,1,1,1.4,1.4,1.4,1.4,1,1,1,1,1,1,1,1,1,0,0,0,0,0,0,10,10,1.8,1,1.4
0,0,0,1,1,1,1,1,1,1,1,1,1,1,1,1,1,1,1,1,1,1,1,0,0,0,0,0,0,0,0,1,1,1
0,0,0,1.08,1.08,1.08,1.08,1.1,1,1,1.07,1.07,1.07,1.07,1,1,1,1,1,1,1,1,1,0,0,0,0,0,0,1,1,1.08,1,1.07
0,0,0,1.16,1.16,1.16,1.16,1.2,1,1,1.14,1.14,1.14,1.14,1,1,1,1,1,1,1,1,1,0,0,0,0,0,0,2,2,1.16,1,1.14
0,0,0,1.24,1.24,1.24,1.24,1.3,1,1,1.21,1.21,1.21,1.21,1,1,1,1,1,1,1,1,1,0,0,0,0,0,0,3,3,1.24,1,1.21
0,0,0,1.32,1.32,1.32,1.32,1.4,1,1,1.29,1.29,1.29,1.29,1,1,1,1,1,1,1,1,1,0,0,0,0,0,0,4,4,1.32,1,1.29
0,0,0,1.4,1.4,1.4,1.4,1.5,1,1,1.31,1.31,1.31,1.31,1,1,1,1,1,1,1,1,1,0,0,0,0,0,0,5,5,1.4,1,1.31
0,0,0,1.48,1.48,1.48,1.48,1.6,1,1,1.33,1.33,1.33,1.33,1,1,1,1,1,1,1,1,1,0,0,0,0,0,0,6,6,1.48,1,1.33
0,0,0,1.56,1.56,1.56,1.56,1.7,1,1,1.35,1.35,1.35,1.35,1,1,1,1,1,1,1,1,1,0,0,0,0,0,0,7,7,1.56,1,1.35
0,0,0,1.64,1.64,1.64,1.64,1.8,1,1,1.37,1.37,1.37,1.37,1,1,1,1,1,1,1,1,1,0,0,0,0,0,0,8,8,1.64,1,1.37
0,0,0,1.72,1.72,1.72,1.72,1.9,1,1,1.39,1.39,1.39,1.39,1,1,1,1,1,1,1,1,1,0,0,0,0,0,0,9,9,1.72,1,1.39
0,0,0,1.8,1.8,1.8,1.8,2,1,1,1.4,1.4,1.4,1.4,1,1,1,1,1,1,1,1,1,0,0,0,0,0,0,10,10,1.8,1,1.4
0,0,0,1,1,1,1,1,1,1,1,1,1,1,1,1,1,1,1,1,1,1,1,0,0,0,0,0,0,0,0,1,1,1
0,0,0,1,1,1,1,1,1,1,0,0,0,0,1,1,1,1,1,1,1,1,1,0,0,0,0,0,0,0,0,1,1,0
0,0,0,1.25,1.25,1.25,1.25,1.1,1,1,0,0,0,0,1,1,1,1,1,1,1,1,1.02,0,0,0,0,0,0,1,1,1.25,1,0
0,0,0,1.5,1.5,1.5,1.5,1.2,1,1,0,0,0,0,1,1,1,1,1,1,1,1,1.04,0,0,0,0,0,0,2,2,1.5,1,0
0,0,0,1.75,1.75,1.75,1.75,1.3,1,1,0,0,0,0,1,1,1,1,1,1,1,1,1.06,0,0,0,0,0,0,3,3,1.75,1,0
0,0,0,2,2,2,2,1.4,1,1,0,0,0,0,1,1,1,1,1,1,1,1,1.08,0,0,0,0,0,0,4,4,2,1,0
0,0,0,2.25,2.25,2.25,2.25,1.5,1,1,0,0,0,0,1,1,1,1,1,1,1,1,1.1,0,0,0,0,0,0,5,5,2.25,1,0
0,0,0,2.5,2.5,2.5,2.5,1.6,1,1,0,0,0,0,1,1,1,1,1,1,1,1,1.12,0,0,0,0,0,0,6,6,2.5,1,0
0,0,0,2.75,2.75,2.75,2.75,1.7,1,1,0,0,0,0,1,1,1,1,1,1,1,1,1.14,0,0,0,0,0,0,7,7,2.75,1,0
0,0,0,3,3,3,3,1.8,1,1,0,0,0,0,1,1,1,1,1,1,1,1,1.16,0,0,0,0,0,0,8,8,3,1,0
0,0,0,3.25,3.25,3.25,3.25,1.9,1,1,0,0,0,0,1,1,1,1,1,1,1,1,1.18,0,0,0,0,0,0,9,9,3.25,1,0
0,0,0,3.5,3.5,3.5,3.5,2,1,1,0,0,0,0,1,1,1,1,1,1,1,1,1.2,0,0,0,0,0,0,10,10,3.5,1,0
0,0,0,1,1,1,1,1,1,1,0,0,0,0,1,1,1,1,1,1,1,1,1,0,0,0,0,0,0,0,0,1,1,0
0,0,0,1.1,1.1,1.1,1.1,1.1,1,1,0,0,0,0,1,1,1,1,1,1,1,1,1.02,0,0,0,0,0,0,1,1,1.1,1,0
0,0,0,1.2,1.2,1.2,1.2,1.2,1,1,0,0,0,0,1,1,1,1,1,1,1,1,1.04,0,0,0,0,0,0,2,2,1.2,1,0
0,0,0,1.3,1.3,1.3,1.3,1.3,1,1,0,0,0,0,1,1,1,1,1,1,1,1,1.06,0,0,0,0,0,0,3,3,1.3,1,0
0,0,0,1.4,1.4,1.4,1.4,1.4,1,1,0,0,0,0,1,1,1,1,1,1,1,1,1.08,0,0,0,0,0,0,4,4,1.4,1,0
0,0,0,1.5,1.5,1.5,1.5,1.5,1,1,0,0,0,0,1,1,1,1,1,1,1,1,1.1,0,0,0,0,0,0,5,5,1.5,1,0
0,0,0,1.6,1.6,1.6,1.6,1.6,1,1,0,0,0,0,1,1,1,1,1,1,1,1,1.12,0,0,0,0,0,0,6,6,1.6,1,0
0,0,0,1.7,1.7,1.7,1.7,1.7,1,1,0,0,0,0,1,1,1,1,1,1,1,1,1.14,0,0,0,0,0,0,7,7,1.7,1,0
0,0,0,1.8,1.8,1.8,1.8,1.8,1,1,0,0,0,0,1,1,1,1,1,1,1,1,1.16,0,0,0,0,0,0,8,8,1.8,1,0
0,0,0,1.9,1.9,1.9,1.9,1.9,1,1,0,0,0,0,1,1,1,1,1,1,1,1,1.18,0,0,0,0,0,0,9,9,1.9,1,0
0,0,0,2,2,2,2,2,1,1,0,0,0,0,1,1,1,1,1,1,1,1,1.2,0,0,0,0,0,0,10,10,2,1,0
0,0,0,0.95,1,1,1,1,1,1,1.5,0,1,1,1,1,1,1,1,1,1,1,1,0,0,0,0,0,0,0,0,1,1,1
0,0,0,1.04,1.1,1.1,1.1,1.1,1,1,1.57,0,1,1,1,1,1,1,1,1,1,1,1.01,0,0,0,0,0,0,1,1,1.1,1,1
0,0,0,1.13,1.2,1.2,1.2,1.2,1,1,1.64,0,1,1,1,1,1,1,1,1,1,1,1.02,0,0,0,0,0,0,2,2,1.2,1,1
0,0,0,1.22,1.3,1.3,1.3,1.3,1,1,1.71,0,1,1,1,1,1,1,1,1,1,1,1.03,0,0,0,0,0,0,3,3,1.3,1,1
0,0,0,1.31,1.4,1.4,1.4,1.4,1,1,1.79,0,1,1,1,1,1,1,1,1,1,1,1.04,0,0,0,0,0,0,4,4,1.4,1,1
0,0,0,1.4,1.5,1.5,1.5,1.5,1,1,1.81,0,1,1,1,1,1,1,1,1,1,1,1.05,0,0,0,0,0,0,5,5,1.5,1,1
0,0,0,1.49,1.6,1.6,1.6,1.6,1,1,1.83,0,1,1,1,1,1,1,1,1,1,1,1.06,0,0,0,0,0,0,6,6,1.6,1,1
0,0,0,1.58,1.7,1.7,1.7,1.7,1,1,1.85,0,1,1,1,1,1,1,1,1,1,1,1.07,0,0,0,0,0,0,7,7,1.7,1,1
0,0,0,1.67,1.8,1.8,1.8,1.8,1,1,1.87,0,1,1,1,1,1,1,1,1,1,1,1.08,0,0,0,0,0,0,8,8,1.8,1,1
0,0,0,1.76,1.9,1.9,1.9,1.9,1,1,1.89,0,1,1,1,1,1,1,1,1,1,1,1.09,0,0,0,0,0,0,9,9,1.9,1,1
0,0,0,1.85,2,2,2,2,1,1,1.9,0,1,1,1,1,1,1,1,1,1,1,1.1,0,0,0,0,0,0,10,10,2,1,1
0,0,0,0.95,1,1,1,1,1,1,1.1,1.1,1,1,1,1,1,1,1,1,1,1,1,0,0,0,0,0,0,0,0,1,1,1
0,0,0,1.04,1.1,1.1,1.1,1.1,1,1,1.13,1.13,1,1,1,1,1,1,1,1,1,1,1.01,0,0,0,0,0,0,1,1,1.1,1,1
0,0,0,1.13,1.2,1.2,1.2,1.2,1,1,1.16,1.16,1,1,1,1,1,1,1,1,1,1,1.02,0,0,0,0,0,0,2,2,1.2,1,1
0,0,0,1.22,1.3,1.3,1.3,1.3,1,1,1.19,1.19,1,1,1,1,1,1,1,1,1,1,1.03,0,0,0,0,0,0,3,3,1.3,1,1
0,0,0,1.31,1.4,1.4,1.4,1.4,1,1,1.21,1.21,1,1,1,1,1,1,1,1,1,1,1.04,0,0,0,0,0,0,4,4,1.4,1,1
0,0,0,1.4,1.5,1.5,1.5,1.5,1,1,1.22,1.22,1,1,1,1,1,1,1,1,1,1,1.05,0,0,0,0,0,0,5,5,1.5,1,1
0,0,0,1.49,1.6,1.6,1.6,1.6,1,1,1.23,1.23,1,1,1,1,1,1,1,1,1,1,1.06,0,0,0,0,0,0,6,6,1.6,1,1
0,0,0,1.58,1.7,1.7,1.7,1.7,1,1,1.24,1.24,1,1,1,1,1,1,1,1,1,1,1.07,0,0,0,0,0,0,7,7,1.7,1,1
0,0,0,1.67,1.8,1.8,1.8,1.8,1,1,1.25,1.25,1,1,1,1,1,1,1,1,1,1,1.08,0,0,0,0,0,0,8,8,1.8,1,1
0,0,0,1.76,1.9,1.9,1.9,1.9,1,1,1.26,1.26,1,1,1,1,1,1,1,1,1,1,1.09,0,0,0,0,0,0,9,9,1.9,1,1
0,0,0,1.85,2,2,2,2,1,1,1.25,1.25,1,1,1,1,1,1,1,1,1,1,1.1,0,0,0,0,0,0,10,10,2,1,1
0,0,0,1.1,1.1,1.1,1.1,1,1,1,1,1,1,1,1,1,1,1,1,1,1,1,1,0,0,0,0,0,0,0,0,1.1,1,1
0,0,0,1.28,1.28,1.28,1.28,1.2,1,1,1.08,1.08,1.08,1.08,1,1,1,1,1,1,1,1,1,0,0,0,0,0,0,1,2,1.28,1,1.08
0,0,0,1.46,1.46,1.46,1.46,1.4,1,1,1.16,1.16,1.16,1.16,1,1,1,1,1,1,1,1,1,0,0,0,0,0,0,2,4,1.46,1,1.16
0,0,0,1.64,1.64,1.64,1.64,1.6,1,1,1.24,1.24,1.24,1.24,1,1,1,1,1,1,1,1,1,0,0,0,0,0,0,3,6,1.64,1,1.24
0,0,0,1.82,1.82,1.82,1.82,1.8,1,1,1.32,1.32,1.32,1.32,1,1,1,1,1,1,1,1,1,0,0,0,0,0,0,4,8,1.82,1,1.32
0,0,0,2,2,2,2,2,1,1,1.4,1.4,1.4,1.4,1,1,1,1,1,1,1,1,1,0,0,0,0,0,0,5,10,2,1,1.4
0,0,0,1.15,1.15,1.15,1.15,1,1,1,1,1,1,1,1,1,1,1,1,1,1,1,1,0,0,0,0,0,0,0,0,1.15,1,1
0,0,0,1.28,1.28,1.28,1.28,1.2,1,1,1.08,1.08,1.08,1.08,1,1,1,1,1,1,1,1,1,0,0,0,0,0,0,1,2,1.28,1,1.08
0,0,0,1.37,1.37,1.37,1.37,1.4,1,1,1.16,1.16,1.16,1.16,1,1,1,1,1,1,1,1,1,0,0,0,0,0,0,2,4,1.37,1,1.16
0,0,0,1.6,1.6,1.6,1.6,1.6,1,1,1.24,1.24,1.24,1.24,1,1,1,1,1,1,1,1,1,0,0,0,0,0,0,3,6,1.6,1,1.24
0,0,0,1.8,1.8,1.8,1.8,1.8,1,1,1.32,1.32,1.32,1.32,1,1,1,1,1,1,1,1,1,0,0,0,0,0,0,4,8,1.8,1,1.32
0,0,0,2,2,2,2,2,1,1,1.4,1.4,1.4,1.4,1,1,1,1,1,1,1,1,1,0,0,0,0,0,0,5,10,2,1,1.4
0,0,0,0.95,1,1,1,1,1,1,0.95,1.6,1,1,1,1,1,1,1,1,1,1,1,0,0,0,0,0,0,0,0,1,1,1
0,0,0,1.04,1.1,1.1,1.1,1.1,1,1,0.98,1.69,1.07,1.07,1,1,1,1,1,1,1,1,1.01,0,0,0,0,0,0,1,1,1.1,1,1
0,0,0,1.13,1.2,1.2,1.2,1.2,1,1,1.01,1.78,1.14,1.14,1,1,1,1,1,1,1,1,1.02,0,0,0,0,0,0,2,2,1.2,1,1
0,0,0,1.22,1.3,1.3,1.3,1.3,1,1,1.04,1.87,1.21,1.21,1,1,1,1,1,1,1,1,1.03,0,0,0,0,0,0,3,3,1.3,1,1
0,0,0,1.31,1.4,1.4,1.4,1.4,1,1,1.06,1.96,1.29,1.29,1,1,1,1,1,1,1,1,1.04,0,0,0,0,0,0,4,4,1.4,1,1
0,0,0,1.4,1.5,1.5,1.5,1.5,1,1,1.07,1.98,1.31,1.31,1,1,1,1,1,1,1,1,1.05,0,0,0,0,0,0,5,5,1.5,1,1
0,0,0,1.49,1.6,1.6,1.6,1.6,1,1,1.08,2,1.33,1.33,1,1,1,1,1,1,1,1,1.06,0,0,0,0,0,0,6,6,1.6,1,1
0,0,0,1.58,1.7,1.7,1.7,1.7,1,1,1.09,2.02,1.35,1.35,1,1,1,1,1,1,1,1,1.07,0,0,0,0,0,0,7,7,1.7,1,1
0,0,0,1.67,1.8,1.8,1.8,1.8,1,1,1.1,2.04,1.37,1.37,1,1,1,1,1,1,1,1,1.08,0,0,0,0,0,0,8,8,1.8,1,1
0,0,0,1.76,1.9,1.9,1.9,1.9,1,1,1.11,2.06,1.39,1.39,1,1,1,1,1,1,1,1,1.09,0,0,0,0,0,0,9,9,1.9,1,1
0,0,0,1.85,2,2,2,2,1,1,1.1,2.1,1.4,1.4,1,1,1,1,1,1,1,1,1.1,0,0,0,0,0,0,10,10,2,1,1
0,0,0,0.95,1,1,1,1,1,1,1.5,0,1,1,1,1,1,1,1,1,1,1,1,0,0,0,0,0,0,0,0,1,1,1
0,0,0,1.04,1.1,1.1,1.1,1.1,1,1,1.61,0,1,1,1,1,1,1,1,1,1,1,1.01,0,0,0,0,0,0,1,1,1.1,1,1
0,0,0,1.13,1.2,1.2,1.2,1.2,1,1,1.72,0,1,1,1,1,1,1,1,1,1,1,1.02,0,0,0,0,0,0,2,2,1.2,1,1
0,0,0,1.22,1.3,1.3,1.3,1.3,1,1,1.83,0,1,1,1,1,1,1,1,1,1,1,1.03,0,0,0,0,0,0,3,3,1.3,1,1
0,0,0,1.31,1.4,1.4,1.4,1.4,1,1,1.93,0,1,1,1,1,1,1,1,1,1,1,1.04,0,0,0,0,0,0,4,4,1.4,1,1
0,0,0,1.4,1.5,1.5,1.5,1.5,1,1,1.96,0,1,1,1,1,1,1,1,1,1,1,1.05,0,0,0,0,0,0,5,5,1.5,1,1
0,0,0,1.49,1.6,1.6,1.6,1.6,1,1,1.99,0,1,1,1,1,1,1,1,1,1,1,1.06,0,0,0,0,0,0,6,6,1.6,1,1
0,0,0,1.58,1.7,1.7,1.7,1.7,1,1,2.02,0,1,1,1,1,1,1,1,1,1,1,1.07,0,0,0,0,0,0,7,7,1.7,1,1
0,0,0,1.67,1.8,1.8,1.8,1.8,1,1,2.05,0,1,1,1,1,1,1,1,1,1,1,1.08,0,0,0,0,0,0,8,8,1.8,1,1
0,0,0,1.76,1.9,1.9,1.9,1.9,1,1,2.08,0,1,1,1,1,1,1,1,1,1,1,1.09,0,0,0,0,0,0,9,9,1.9,1,1
0,0,0,1.85,2,2,2,2,1,1,2.1,0,1,1,1,1,1,1,1,1,1,1,1.1,0,0,0,0,0,0,10,10,2,1,1
0,0,0,0.95,1,1,1,1,1,1,1.3,1.3,1,1,1,1,1,1,1,1,1,1,1,0,0,0,0,0,0,0,0,1,1,1
0,0,0,1.03,1.1,1.1,1.1,1.1,1,1,1.39,1.39,1,1,1,1,1,1,1,1,1,1,1.01,0,0,0,0,0,0,1,1,1.1,1,1
0,0,0,1.11,1.2,1.2,1.2,1.2,1,1,1.48,1.48,1,1,1,1,1,1,1,1,1,1,1.02,0,0,0,0,0,0,2,2,1.2,1,1
0,0,0,1.19,1.3,1.3,1.3,1.3,1,1,1.57,1.57,1,1,1,1,1,1,1,1,1,1,1.03,0,0,0,0,0,0,3,3,1.3,1,1
0,0,0,1.27,1.4,1.4,1.4,1.4,1,1,1.66,1.66,1,1,1,1,1,1,1,1,1,1,1.04,0,0,0,0,0,0,4,4,1.4,1,1
0,0,0,1.35,1.5,1.5,1.5,1.5,1,1,1.68,1.68,1,1,1,1,1,1,1,1,1,1,1.05,0,0,0,0,0,0,5,5,1.5,1,1
0,0,0,1.43,1.6,1.6,1.6,1.6,1,1,1.7,1.7,1,1,1,1,1,1,1,1,1,1,1.06,0,0,0,0,0,0,6,6,1.6,1,1
0,0,0,1.51,1.7,1.7,1.7,1.7,1,1,1.72,1.72,1,1,1,1,1,1,1,1,1,1,1.07,0,0,0,0,0,0,7,7,1.7,1,1
0,0,0,1.59,1.8,1.8,1.8,1.8,1,1,1.74,1.74,1,1,1,1,1,1,1,1,1,1,1.08,0,0,0,0,0,0,8,8,1.8,1,1
0,0,0,1.67,1.9,1.9,1.9,1.9,1,1,1.76,1.76,1,1,1,1,1,1,1,1,1,1,1.09,0,0,0,0,0,0,9,9,1.9,1,1
0,0,0,1.75,2,2,2,2,1,1,1.8,1.8,1,1,1,1,1,1,1,1,1,1,1.1,0,0,0,0,0,0,10,10,2,1,1
0,0,0,0.95,1,1,1,1,1,1,1.5,0,1,1,1,1,1,1,1,1,1,1,1,0,0,0,0,0,0,0,0,1,1,1
0,0,0,1.04,1.1,1.1,1.1,1.1,1,1,1.61,0,1,1,1,1,1,1,1,1,1,1,1.01,0,0,0,0,0,0,1,1,1.1,1,1
0,0,0,1.13,1.2,1.2,1.2,1.2,1,1,1.72,0,1,1,1,1,1,1,1,1,1,1,1.02,0,0,0,0,0,0,2,2,1.2,1,1
0,0,0,1.22,1.3,1.3,1.3,1.3,1,1,1.83,0,1,1,1,1,1,1,1,1,1,1,1.03,0,0,0,0,0,0,3,3,1.3,1,1
0,0,0,1.31,1.4,1.4,1.4,1.4,1,1,1.93,0,1,1,1,1,1,1,1,1,1,1,1.04,0,0,0,0,0,0,4,4,1.4,1,1
0,0,0,1.4,1.5,1.5,1.5,1.5,1,1,1.96,0,1,1,1,1,1,1,1,1,1,1,1.05,0,0,0,0,0,0,5,5,1.5,1,1
0,0,0,1.49,1.6,1.6,1.6,1.6,1,1,1.99,0,1,1,1,1,1,1,1,1,1,1,1.06,0,0,0,0,0,0,6,6,1.6,1,1
0,0,0,1.58,1.7,1.7,1.7,1.7,1,1,2.02,0,1,1,1,1,1,1,1,1,1,1,1.07,0,0,0,0,0,0,7,7,1.7,1,1
0,0,0,1.67,1.8,1.8,1.8,1.8,1,1,2.05,0,1,1,1,1,1,1,1,1,1,1,1.08,0,0,0,0,0,0,8,8,1.8,1,1
0,0,0,1.76,1.9,1.9,1.9,1.9,1,1,2.08,0,1,1,1,1,1,1,1,1,1,1,1.09,0,0,0,0,0,0,9,9,1.9,1,1
0,0,0,1.85,2,2,2,2,1,1,2.1,0,1,1,1,1,1,1,1,1,1,1,1.1,0,0,0,0,0,0,10,10,2,1,1
0,0,0,0.95,1,1,1,1,1,1,0.95,1.5,1,1,1,1,1,1,1,1,1,1,1,0,0,0,0,0,0,0,0,1,1,1
0,0,0,1.04,1.1,1.1,1.1,1.1,1,1,0.98,1.61,1.07,1.07,1,1,1,1,1,1,1,1,1.01,0,0,0,0,0,0,1,1,1.1,1,1
0,0,0,1.13,1.2,1.2,1.2,1.2,1,1,1.01,1.72,1.14,1.14,1,1,1,1,1,1,1,1,1.02,0,0,0,0,0,0,2,2,1.2,1,1
0,0,0,1.22,1.3,1.3,1.3,1.3,1,1,1.04,1.83,1.21,1.21,1,1,1,1,1,1,1,1,1.03,0,0,0,0,0,0,3,3,1.3,1,1
0,0,0,1.31,1.4,1.4,1.4,1.4,1,1,1.06,1.93,1.29,1.29,1,1,1,1,1,1,1,1,1.04,0,0,0,0,0,0,4,4,1.4,1,1
0,0,0,1.4,1.5,1.5,1.5,1.5,1,1,1.07,1.96,1.31,1.31,1,1,1,1,1,1,1,1,1.05,0,0,0,0,0,0,5,5,1.5,1,1
0,0,0,1.49,1.6,1.6,1.6,1.6,1,1,1.08,1.99,1.33,1.33,1,1,1,1,1,1,1,1,1.06,0,0,0,0,0,0,6,6,1.6,1,1
0,0,0,1.58,1.7,1.7,1.7,1.7,1,1,1.09,2.02,1.35,1.35,1,1,1,1,1,1,1,1,1.07,0,0,0,0,0,0,7,7,1.7,1,1
0,0,0,1.67,1.8,1.8,1.8,1.8,1,1,1.1,2.05,1.37,1.37,1,1,1,1,1,1,1,1,1.08,0,0,0,0,0,0,8,8,1.8,1,1
0,0,0,1.76,1.9,1.9,1.9,1.9,1,1,1.11,2.08,1.39,1.39,1,1,1,1,1,1,1,1,1.09,0,0,0,0,0,0,9,9,1.9,1,1
0,0,0,1.85,2,2,2,2,1,1,1.1,2.1,1.4,1.4,1,1,1,1,1,1,1,1,1.1,0,0,0,0,0,0,10,10,2,1,1
0,0,0,0.98,1,1,1,1,1,1,1.6,0,1,1,1,1,1,1,1,1,1,1,1,0,0,0,0,0,0,0,0,1,1,1
0,0,0,1.067,1.1,1.1,1.1,1.1,1,1,1.66,0,1.05,1.05,1,1,1,1,1,1,1,1,1.01,0,0,0,0,0,0,1,1,1.1,1,1
0,0,0,1.154,1.2,1.2,1.2,1.2,1,1,1.72,0,1.1,1.1,1,1,1,1,1,1,1,1,1.02,0,0,0,0,0,0,2,2,1.2,1,1
0,0,0,1.241,1.3,1.3,1.3,1.3,1,1,1.78,0,1.15,1.15,1,1,1,1,1,1,1,1,1.03,0,0,0,0,0,0,3,3,1.3,1,1
0,0,0,1.328,1.4,1.4,1.4,1.4,1,1,1.85,0,1.2,1.2,1,1,1,1,1,1,1,1,1.04,0,0,0,0,0,0,4,4,1.4,1,1
0,0,0,1.415,1.5,1.5,1.5,1.5,1,1,1.89,0,1.23,1.23,1,1,1,1,1,1,1,1,1.05,0,0,0,0,0,0,5,5,1.5,1,1
0,0,0,1.502,1.6,1.6,1.6,1.6,1,1,1.93,0,1.26,1.26,1,1,1,1,1,1,1,1,1.06,0,0,0,0,0,0,6,6,1.6,1,1
0,0,0,1.589,1.7,1.7,1.7,1.7,1,1,1.97,0,1.29,1.29,1,1,1,1,1,1,1,1,1.07,0,0,0,0,0,0,7,7,1.7,1,1
0,0,0,1.676,1.8,1.8,1.8,1.8,1,1,2.01,0,1.32,1.32,1,1,1,1,1,1,1,1,1.08,0,0,0,0,0,0,8,8,1.8,1,1
0,0,0,1.763,1.9,1.9,1.9,1.9,1,1,2.05,0,1.35,1.35,1,1,1,1,1,1,1,1,1.09,0,0,0,0,0,0,9,9,1.9,1,1
0,0,0,1.85,2,2,2,2,1,1,2.1,0,1.4,1.4,1,1,1,1,1,1,1,1,1.1,0,0,0,0,0,0,10,10,2,1,1
0,0,0,1,1,1,1,1,1,1,1,1,1,1,1,1,1,1,1,1,1,1,1,0,0,0,0,0,0,0,0,1,1,1
0,0,0,1.1,1.1,1.1,1.1,1.1,1,1,1.05,1.05,1.05,1.05,1,1,1,1,1,1,1,1,1.032,0,0,0,0,0,0,1,1,1.1,1,1.05
0,0,0,1.2,1.2,1.2,1.2,1.2,1,1,1.1,1.1,1.1,1.1,1,1,1,1,1,1,1,1,1.064,0,0,0,0,0,0,2,2,1.2,1,1.1
0,0,0,1.3,1.3,1.3,1.3,1.3,1,1,1.15,1.15,1.15,1.15,1,1,1,1,1,1,1,1,1.096,0,0,0,0,0,0,3,3,1.3,1,1.15
0,0,0,1.4,1.4,1.4,1.4,1.4,1,1,1.2,1.2,1.2,1.2,1,1,1,1,1,1,1,1,1.128,0,0,0,0,0,0,4,4,1.4,1,1.2
0,0,0,1.5,1.5,1.5,1.5,1.5,1,1,1.23,1.23,1.23,1.23,1,1,1,1,1,1,1,1,1.16,0,0,0,0,0,0,5,5,1.5,1,1.23
0,0,0,1.6,1.6,1.6,1.6,1.6,1,1,1.26,1.26,1.26,1.26,1,1,1,1,1,1,1,1,1.192,0,0,0,0,0,0,6,6,1.6,1,1.26
0,0,0,1.7,1.7,1.7,1.7,1.7,1,1,1.29,1.29,1.29,1.29,1,1,1,1,1,1,1,1,1.224,0,0,0,0,0,0,7,7,1.7,1,1.29
0,0,0,1.8,1.8,1.8,1.8,1.8,1,1,1.32,1.32,1.32,1.32,1,1,1,1,1,1,1,1,1.256,0,0,0,0,0,0,8,8,1.8,1,1.32
0,0,0,1.9,1.9,1.9,1.9,1.9,1,1,1.35,1.35,1.35,1.35,1,1,1,1,1,1,1,1,1.288,0,0,0,0,0,0,9,9,1.9,1,1.35
0,0,0,2,2,2,2,2,1,1,1.4,1.4,1.4,1.4,1,1,1,1,1,1,1,1,1.32,0,0,0,0,0,0,10,10,2,1,1.4
0,0,0,1,1,1,1,1,1,1,1,1,1,1,1,1,1,1,1,1,1,1,1,0,0,0,0,0,0,0,0,1,1,1
0,0,0,1.1,1.1,1.1,1.1,1.1,1,1,1.05,1.05,1.05,1.05,1,1,1,1,1,1,1,1,1.03,0,0,0,0,0,0,1,1,1.1,1,1.05
0,0,0,1.2,1.2,1.2,1.2,1.2,1,1,1.1,1.1,1.1,1.1,1,1,1,1,1,1,1,1,1.06,0,0,0,0,0,0,2,2,1.2,1,1.1
0,0,0,1.3,1.3,1.3,1.3,1.3,1,1,1.15,1.15,1.15,1.15,1,1,1,1,1,1,1,1,1.09,0,0,0,0,0,0,3,3,1.3,1,1.15
0,0,0,1.4,1.4,1.4,1.4,1.4,1,1,1.2,1.2,1.2,1.2,1,1,1,1,1,1,1,1,1.12,0,0,0,0,0,0,4,4,1.4,1,1.2
0,0,0,1.5,1.5,1.5,1.5,1.5,1,1,1.23,1.23,1.23,1.23,1,1,1,1,1,1,1,1,1.14,0,0,0,0,0,0,5,5,1.5,1,1.23
0,0,0,1.6,1.6,1.6,1.6,1.6,1,1,1.26,1.26,1.26,1.26,1,1,1,1,1,1,1,1,1.16,0,0,0,0,0,0,6,6,1.6,1,1.26
0,0,0,1.7,1.7,1.7,1.7,1.7,1,1,1.29,1.29,1.29,1.29,1,1,1,1,1,1,1,1,1.18,0,0,0,0,0,0,7,7,1.7,1,1.29
0,0,0,1.8,1.8,1.8,1.8,1.8,1,1,1.32,1.32,1.32,1.32,1,1,1,1,1,1,1,1,1.2,0,0,0,0,0,0,8,8,1.8,1,1.32
0,0,0,1.9,1.9,1.9,1.9,1.9,1,1,1.35,1.35,1.35,1.35,1,1,1,1,1,1,1,1,1.22,0,0,0,0,0,0,9,9,1.9,1,1.35
0,0,0,2,2,2,2,2,1,1,1.4,1.4,1.4,1.4,1,1,1,1,1,1,1,1,1.23,0,0,0,0,0,0,10,10,2,1,1.4
0,0,0,1,1,1,1,1,1,1,1,1,1,1,1,1,1,1,1,1,1,1,1,0,0,0,0,0,0,0,0,1,1,1
0,0,0,1.1,1.1,1.1,1.1,1.1,1,1,1.05,1.05,1.05,1.05,1,1,1,1,1,1,1,1,1.02,0,0,0,0,0,0,1,1,1.1,1,1.05
0,0,0,1.2,1.2,1.2,1.2,1.2,1,1,1.1,1.1,1.1,1.1,1,1,1,1,1,1,1,1,1.04,0,0,0,0,0,0,2,2,1.2,1,1.1
0,0,0,1.3,1.3,1.3,1.3,1.3,1,1,1.15,1.15,1.15,1.15,1,1,1,1,1,1,1,1,1.06,0,0,0,0,0,0,3,3,1.3,1,1.15
0,0,0,1.4,1.4,1.4,1.4,1.4,1,1,1.2,1.2,1.2,1.2,1,1,1,1,1,1,1,1,1.06,0,0,0,0,0,0,4,4,1.4,1,1.2
0,0,0,1.5,1.5,1.5,1.5,1.5,1,1,1.23,1.23,1.23,1.23,1,1,1,1,1,1,1,1,1.07,0,0,0,0,0,0,5,5,1.5,1,1.23
0,0,0,1.6,1.6,1.6,1.6,1.6,1,1,1.26,1.26,1.26,1.26,1,1,1,1,1,1,1,1,1.08,0,0,0,0,0,0,6,6,1.6,1,1.26
0,0,0,1.7,1.7,1.7,1.7,1.7,1,1,1.29,1.29,1.29,1.29,1,1,1,1,1,1,1,1,1.09,0,0,0,0,0,0,7,7,1.7,1,1.29
0,0,0,1.8,1.8,1.8,1.8,1.8,1,1,1.32,1.32,1.32,1.32,1,1,1,1,1,1,1,1,1.1,0,0,0,0,0,0,8,8,1.8,1,1.32
0,0,0,1.9,1.9,1.9,1.9,1.9,1,1,1.35,1.35,1.35,1.35,1,1,1,1,1,1,1,1,1.11,0,0,0,0,0,0,9,9,1.9,1,1.35
0,0,0,2,2,2,2,2,1,1,1.4,1.4,1.4,1.4,1,1,1,1,1,1,1,1,1.12,0,0,0,0,0,0,10,10,2,1,1.4
0,0,0,1.15,1.15,1.15,1.15,1,1,1,1,1,1,1,1,1,1,1,1,1,1,1,1,0,0,0,0,0,0,0,0,1.15,1,1
0,0,0,1.28,1.28,1.28,1.28,1.2,1,1,1.08,1.08,1.08,1.08,1,1,1,1,1,1,1,1,1.02,0,0,0,0,0,0,1,2,1.28,1,1.08
0,0,0,1.37,1.37,1.37,1.37,1.4,1,1,1.16,1.16,1.16,1.16,1,1,1,1,1,1,1,1,1.03,0,0,0,0,0,0,2,4,1.37,1,1.16
0,0,0,1.6,1.6,1.6,1.6,1.6,1,1,1.24,1.24,1.24,1.24,1,1,1,1,1,1,1,1,1.04,0,0,0,0,0,0,3,6,1.6,1,1.24
0,0,0,1.8,1.8,1.8,1.8,1.8,1,1,1.32,1.32,1.32,1.32,1,1,1,1,1,1,1,1,1.06,0,0,0,0,0,0,4,8,1.8,1,1.32
0,0,0,2,2,2,2,2,1,1,1.4,1.4,1.4,1.4,1,1,1,1,1,1,1,1,1.07,0,0,0,0,0,0,5,10,2,1,1.4
0,0,0,1.1,1.1,1.1,1.1,1,1,1,1,1,1,1,1,1,1,1,1,1,1,1,1,0,0,0,0,0,0,0,0,1.1,1,1
0,0,0,1.28,1.28,1.28,1.28,1.2,1,1,1.08,1.08,1.08,1.08,1,1,1,1,1,1,1,1,1.02,0,0,0,0,0,0,1,2,1.28,1,1.08
0,0,0,1.46,1.46,1.46,1.46,1.4,1,1,1.16,1.16,1.16,1.16,1,1,1,1,1,1,1,1,1.03,0,0,0,0,0,0,2,4,1.46,1,1.16
0,0,0,1.64,1.64,1.64,1.64,1.6,1,1,1.24,1.24,1.24,1.24,1,1,1,1,1,1,1,1,1.04,0,0,0,0,0,0,3,6,1.64,1,1.24
0,0,0,1.82,1.82,1.82,1.82,1.8,1,1,1.32,1.32,1.32,1.32,1,1,1,1,1,1,1,1,1.06,0,0,0,0,0,0,4,8,1.82,1,1.32
0,0,0,2,2,2,2,2,1,1,1.4,1.4,1.4,1.4,1,1,1,1,1,1,1,1,1.07,0,0,0,0,0,0,5,10,2,1,1.4
0,0,0,1.15,1.15,1.15,1.15,1,1,1,1,1,1,1,1,1,1,1,1,1,1,1,1,0,0,0,0,0,0,0,0,1.15,1,1
0,0,0,1.28,1.28,1.28,1.28,1.2,1,1,1.08,1.08,1.08,1.08,1,1,1,1,1,1,1,1,1.03,0,0,0,0,0,0,1,2,1.28,1,1.08
0,0,0,1.37,1.37,1.37,1.37,1.4,1,1,1.16,1.16,1.16,1.16,1,1,1,1,1,1,1,1,1.06,0,0,0,0,0,0,2,4,1.37,1,1.16
0,0,0,1.6,1.6,1.6,1.6,1.6,1,1,1.24,1.24,1.24,1.24,1,1,1,1,1,1,1,1,1.09,0,0,0,0,0,0,3,6,1.6,1,1.24
0,0,0,1.8,1.8,1.8,1.8,1.8,1,1,1.32,1.32,1.32,1.32,1,1,1,1,1,1,1,1,1.12,0,0,0,0,0,0,4,8,1.8,1,1.32
0,0,0,2,2,2,2,2,1,1,1.4,1.4,1.4,1.4,1,1,1,1,1,1,1,1,1.15,0,0,0,0,0,0,5,10,2,1,1.4
0,0,0,1.1,1.1,1.1,1.1,1,1,1,1,1,1,1,1,1,1,1,1,1,1,1,1,0,0,0,0,0,0,0,0,1.1,1,1
0,0,0,1.28,1.28,1.28,1.28,1.2,1,1,1.08,1.08,1.08,1.08,1,1,1,1,1,1,1,1,1.01,0,0,0,0,0,0,1,2,1.28,1,1.08
0,0,0,1.46,1.46,1.46,1.46,1.4,1,1,1.16,1.16,1.16,1.16,1,1,1,1,1,1,1,1,1.02,0,0,0,0,0,0,2,4,1.46,1,1.16
0,0,0,1.64,1.64,1.64,1.64,1.6,1,1,1.24,1.24,1.24,1.24,1,1,1,1,1,1,1,1,1.03,0,0,0,0,0,0,3,6,1.64,1,1.24
0,0,0,1.82,1.82,1.82,1.82,1.8,1,1,1.32,1.32,1.32,1.32,1,1,1,1,1,1,1,1,1.04,0,0,0,0,0,0,4,8,1.82,1,1.32
0,0,0,2,2,2,2,2,1,1,1.4,1.4,1.4,1.4,1,1,1,1,1,1,1,1,1.06,0,0,0,0,0,0,5,10,2,1,1.4
0,0,0,1,1,1,1,1,1,1,1,1,1,1,1,1,1,1,1,1,1,1,1,0,0,0,0,0,0,0,0,1,1,1
0,0,0,1.1,1.1,1.1,1.1,1.1,1,1,1.05,1.05,1.05,1.05,1,1,1,1,1,1,1,1,1.01,0,0,0,0,0,0,1,1,1.1,1,1.05
0,0,0,1.2,1.2,1.2,1.2,1.2,1,1,1.1,1.1,1.1,1.1,1,1,1,1,1,1,1,1,1.02,0,0,0,0,0,0,2,2,1.2,1,1.1
0,0,0,1.3,1.3,1.3,1.3,1.3,1,1,1.15,1.15,1.15,1.15,1,1,1,1,1,1,1,1,1.03,0,0,0,0,0,0,3,3,1.3,1,1.15
0,0,0,1.4,1.4,1.4,1.4,1.4,1,1,1.2,1.2,1.2,1.2,1,1,1,1,1,1,1,1,1.04,0,0,0,0,0,0,4,4,1.4,1,1.2
0,0,0,1.5,1.5,1.5,1.5,1.5,1,1,1.23,1.23,1.23,1.23,1,1,1,1,1,1,1,1,1.05,0,0,0,0,0,0,5,5,1.5,1,1.23
0,0,0,1.6,1.6,1.6,1.6,1.6,1,1,1.26,1.26,1.26,1.26,1,1,1,1,1,1,1,1,1.06,0,0,0,0,0,0,6,6,1.6,1,1.26
0,0,0,1.7,1.7,1.7,1.7,1.7,1,1,1.29,1.29,1.29,1.29,1,1,1,1,1,1,1,1,1.07,0,0,0,0,0,0,7,7,1.7,1,1.29
0,0,0,1.8,1.8,1.8,1.8,1.8,1,1,1.32,1.32,1.32,1.32,1,1,1,1,1,1,1,1,1.08,0,0,0,0,0,0,8,8,1.8,1,1.32
0,0,0,1.9,1.9,1.9,1.9,1.9,1,1,1.35,1.35,1.35,1.35,1,1,1,1,1,1,1,1,1.09,0,0,0,0,0,0,9,9,1.9,1,1.35
0,0,0,2,2,2,2,2,1,1,1.4,1.4,1.4,1.4,1,1,1,1,1,1,1,1,1.1,0,0,0,0,0,0,10,10,2,1,1.4
